timestamp,step,loss,perplexity,learning_rate,tokens_per_sec,tokens_total,elapsed_hours
2026-02-26T19:26:45.446922,50,2.592841,13.37,5.000000e-06,16842,1228800,0.0203
2026-02-26T19:27:30.363523,100,2.526205,12.51,1.000000e-05,20849,2457600,0.0327
2026-02-26T19:28:15.460090,150,2.395165,10.97,1.500000e-05,22621,3686400,0.0453
2026-02-26T19:29:00.346254,200,2.302733,10.00,2.000000e-05,23647,4915200,0.0577
2026-02-26T19:29:45.020463,250,2.245320,9.44,2.500000e-05,24329,6144000,0.0701
2026-02-26T19:30:29.249891,300,2.220124,9.21,3.000000e-05,24844,7372800,0.0824
2026-02-26T19:31:12.997515,350,2.216545,9.18,3.500000e-05,25261,8601600,0.0946
2026-02-26T19:31:57.100448,400,2.211873,9.13,4.000000e-05,25559,9830400,0.1068
2026-02-26T19:32:42.395417,450,2.207332,9.09,4.500000e-05,25724,11059200,0.1194
2026-02-26T19:33:27.430342,500,2.149556,8.58,5.000000e-05,25872,12288000,0.1319
2026-02-26T19:34:12.717033,550,2.117905,8.31,4.999983e-05,25982,13516800,0.1445
2026-02-26T19:34:57.817722,600,2.126188,8.38,4.999930e-05,26083,14745600,0.1570
2026-02-26T19:35:42.357809,650,2.101055,8.17,4.999842e-05,26193,15974400,0.1694
2026-02-26T19:36:26.620830,700,2.096268,8.14,4.999718e-05,26299,17203200,0.1817
2026-02-26T19:37:10.895366,750,2.074793,7.96,4.999559e-05,26391,18432000,0.1940
2026-02-26T19:37:55.180310,800,2.054634,7.80,4.999364e-05,26472,19660800,0.2063
2026-02-26T19:38:40.383751,850,2.072329,7.94,4.999133e-05,26513,20889600,0.2189
2026-02-26T19:39:24.754021,900,2.056768,7.82,4.998867e-05,26576,22118400,0.2312
2026-02-26T19:40:09.140029,950,2.023756,7.57,4.998565e-05,26632,23347200,0.2435
2026-02-26T19:40:53.404055,1000,2.025675,7.58,4.998228e-05,26686,24576000,0.2558
2026-02-26T19:41:50.511629,1050,2.029411,7.61,4.997855e-05,26385,25804800,0.2717
2026-02-26T19:42:34.906490,1100,2.009787,7.46,4.997447e-05,26441,27033600,0.2840
2026-02-26T19:43:19.382404,1150,1.979796,7.24,4.997003e-05,26490,28262400,0.2964
2026-02-26T19:44:03.701501,1200,2.015736,7.51,4.996524e-05,26540,29491200,0.3087
2026-02-26T19:44:48.061950,1250,2.040155,7.69,4.996009e-05,26584,30720000,0.3210
2026-02-26T19:45:32.396503,1300,2.026699,7.59,4.995458e-05,26626,31948800,0.3333
2026-02-26T19:46:16.805476,1350,2.010474,7.47,4.994872e-05,26663,33177600,0.3456
2026-02-26T19:47:01.120633,1400,1.981646,7.25,4.994251e-05,26700,34406400,0.3580
2026-02-26T19:47:45.399789,1450,1.966405,7.14,4.993594e-05,26735,35635200,0.3703
2026-02-26T19:48:29.692911,1500,1.967007,7.15,4.992902e-05,26767,36864000,0.3826
2026-02-26T19:49:13.994403,1550,1.984569,7.28,4.992174e-05,26797,38092800,0.3949
2026-02-26T19:49:58.290244,1600,1.973708,7.20,4.991410e-05,26826,39321600,0.4072
2026-02-26T19:50:43.420261,1650,1.960430,7.10,4.990612e-05,26838,40550400,0.4197
2026-02-26T19:51:27.611382,1700,1.984934,7.28,4.989777e-05,26866,41779200,0.4320
2026-02-26T19:52:11.819986,1750,2.003112,7.41,4.988908e-05,26891,43008000,0.4443
2026-02-26T19:52:56.104542,1800,1.953947,7.06,4.988003e-05,26914,44236800,0.4566
2026-02-26T19:53:40.450961,1850,1.924985,6.86,4.987062e-05,26935,45465600,0.4689
2026-02-26T19:54:24.832665,1900,1.942197,6.97,4.986086e-05,26954,46694400,0.4812
2026-02-26T19:55:09.115751,1950,1.936310,6.93,4.985075e-05,26974,47923200,0.4935
2026-02-26T19:55:53.345756,2000,1.908938,6.75,4.984028e-05,26994,49152000,0.5058
2026-02-26T19:56:47.352929,2050,1.870863,6.49,4.982947e-05,26872,50380800,0.5208
2026-02-26T19:57:31.806801,2100,1.838751,6.29,4.981829e-05,26889,51609600,0.5331
2026-02-26T19:58:16.190870,2150,1.884201,6.58,4.980677e-05,26908,52838400,0.5455
2026-02-26T19:59:00.536147,2200,1.896442,6.66,4.979489e-05,26925,54067200,0.5578
2026-02-26T19:59:44.807953,2250,1.866140,6.46,4.978266e-05,26943,55296000,0.5701
2026-02-26T20:00:29.066981,2300,1.861854,6.44,4.977008e-05,26960,56524800,0.5824
2026-02-26T20:01:13.343079,2350,1.848233,6.35,4.975714e-05,26977,57753600,0.5947
2026-02-26T20:01:57.716181,2400,1.855269,6.39,4.974386e-05,26991,58982400,0.6070
2026-02-26T20:02:42.224676,2450,1.871268,6.50,4.973022e-05,27004,60211200,0.6194
2026-02-26T20:03:26.334098,2500,1.858968,6.42,4.971623e-05,27020,61440000,0.6316
2026-02-26T20:04:10.865914,2550,1.831863,6.25,4.970189e-05,27031,62668800,0.6440
2026-02-26T20:04:55.108019,2600,1.873887,6.51,4.968719e-05,27045,63897600,0.6563
2026-02-26T20:05:39.300319,2650,1.861745,6.43,4.967215e-05,27059,65126400,0.6686
2026-02-26T20:06:23.481661,2700,1.823455,6.19,4.965676e-05,27073,66355200,0.6808
2026-02-26T20:07:08.343052,2750,1.861340,6.43,4.964101e-05,27078,67584000,0.6933
2026-02-26T20:07:53.157438,2800,1.816937,6.15,4.962492e-05,27084,68812800,0.7057
2026-02-26T20:08:37.655675,2850,1.808747,6.10,4.960847e-05,27094,70041600,0.7181
2026-02-26T20:09:21.971545,2900,1.831919,6.25,4.959168e-05,27104,71270400,0.7304
2026-02-26T20:10:06.772523,2950,1.806550,6.09,4.957454e-05,27110,72499200,0.7429
2026-02-26T20:10:51.088628,3000,1.821548,6.18,4.955704e-05,27120,73728000,0.7552
2026-02-26T20:11:47.429814,3050,1.816380,6.15,4.953920e-05,27012,74956800,0.7708
2026-02-26T20:12:31.944091,3100,1.796170,6.03,4.952101e-05,27021,76185600,0.7832
2026-02-26T20:13:16.627544,3150,1.843518,6.32,4.950247e-05,27029,77414400,0.7956
2026-02-26T20:14:01.348053,3200,1.876196,6.53,4.948359e-05,27036,78643200,0.8080
2026-02-26T20:14:46.868763,3250,1.843560,6.32,4.946436e-05,27035,79872000,0.8207
2026-02-26T20:15:31.440547,3300,1.830213,6.24,4.944477e-05,27043,81100800,0.8330
2026-02-26T20:16:16.205562,3350,1.831127,6.24,4.942485e-05,27049,82329600,0.8455
2026-02-26T20:17:01.177556,3400,1.815155,6.14,4.940457e-05,27053,83558400,0.8580
2026-02-26T20:17:46.021589,3450,1.801057,6.06,4.938395e-05,27058,84787200,0.8704
2026-02-26T20:18:30.993517,3500,1.813920,6.13,4.936298e-05,27062,86016000,0.8829
2026-02-26T20:19:15.479489,3550,1.858003,6.41,4.934167e-05,27069,87244800,0.8953
2026-02-26T20:19:59.986966,3600,1.833723,6.26,4.932001e-05,27077,88473600,0.9076
2026-02-26T20:20:44.537196,3650,1.773208,5.89,4.929801e-05,27084,89702400,0.9200
2026-02-26T20:21:29.269250,3700,1.789016,5.98,4.927566e-05,27089,90931200,0.9324
2026-02-26T20:22:13.820222,3750,1.795360,6.02,4.925297e-05,27095,92160000,0.9448
2026-02-26T20:22:57.305464,3800,1.785519,5.96,4.922993e-05,27110,93388800,0.9569
2026-02-26T20:23:40.883368,3850,1.824248,6.20,4.920655e-05,27124,94617600,0.9690
2026-02-26T20:24:24.403470,3900,1.812976,6.13,4.918283e-05,27137,95846400,0.9811
2026-02-26T20:25:07.936879,3950,1.780335,5.93,4.915876e-05,27150,97075200,0.9932
2026-02-26T20:25:51.501771,4000,1.790250,5.99,4.913435e-05,27163,98304000,1.0053
2026-02-26T20:26:45.141886,4050,1.782488,5.94,4.910960e-05,27101,99532800,1.0202
2026-02-26T20:27:28.807910,4100,1.788704,5.98,4.908451e-05,27113,100761600,1.0323
2026-02-26T20:28:13.172939,4150,1.772923,5.89,4.905907e-05,27120,101990400,1.0446
2026-02-26T20:28:56.660453,4200,1.783907,5.95,4.903330e-05,27133,103219200,1.0567
2026-02-26T20:29:40.246506,4250,1.795068,6.02,4.900718e-05,27145,104448000,1.0688
2026-02-26T20:30:23.738992,4300,1.734773,5.67,4.898073e-05,27158,105676800,1.0809
2026-02-26T20:31:07.245894,4350,1.764302,5.84,4.895393e-05,27170,106905600,1.0930
2026-02-26T20:31:50.846587,4400,1.816305,6.15,4.892680e-05,27181,108134400,1.1051
2026-02-26T20:32:34.311036,4450,1.807462,6.09,4.889932e-05,27192,109363200,1.1172
2026-02-26T20:33:17.827922,4500,1.802687,6.07,4.887151e-05,27204,110592000,1.1293
2026-02-26T20:34:01.308320,4550,1.789410,5.99,4.884336e-05,27215,111820800,1.1413
2026-02-26T20:34:44.790241,4600,1.790825,5.99,4.881488e-05,27226,113049600,1.1534
2026-02-26T20:35:28.314988,4650,1.787075,5.97,4.878605e-05,27236,114278400,1.1655
2026-02-26T20:36:11.829821,4700,1.794718,6.02,4.875689e-05,27246,115507200,1.1776
2026-02-26T20:36:55.355440,4750,1.821071,6.18,4.872739e-05,27256,116736000,1.1897
2026-02-26T20:37:38.902179,4800,1.805199,6.08,4.869756e-05,27266,117964800,1.2018
2026-02-26T20:38:22.455418,4850,1.778751,5.92,4.866739e-05,27276,119193600,1.2139
2026-02-26T20:39:05.925946,4900,1.761707,5.82,4.863689e-05,27285,120422400,1.2260
2026-02-26T20:39:49.462808,4950,1.769007,5.87,4.860605e-05,27295,121651200,1.2380
2026-02-26T20:40:32.986972,5000,1.777576,5.92,4.857488e-05,27304,122880000,1.2501
2026-02-26T20:42:02.826480,5050,1.739425,5.69,4.854338e-05,27037,124108800,1.2751
2026-02-26T20:42:46.354195,5100,1.751912,5.77,4.851154e-05,27048,125337600,1.2872
2026-02-26T20:43:29.813060,5150,1.760608,5.82,4.847937e-05,27060,126566400,1.2993
2026-02-26T20:44:13.328944,5200,1.742639,5.71,4.844687e-05,27070,127795200,1.3113
2026-02-26T20:44:56.851325,5250,1.740892,5.70,4.841404e-05,27081,129024000,1.3234
2026-02-26T20:45:40.333142,5300,1.723434,5.60,4.838087e-05,27092,130252800,1.3355
2026-02-26T20:46:23.790420,5350,1.746930,5.74,4.834738e-05,27102,131481600,1.3476
2026-02-26T20:47:07.234500,5400,1.750264,5.76,4.831356e-05,27113,132710400,1.3597
2026-02-26T20:47:50.747636,5450,1.687023,5.40,4.827941e-05,27123,133939200,1.3717
2026-02-26T20:48:34.253097,5500,1.705871,5.51,4.824492e-05,27133,135168000,1.3838
2026-02-26T20:49:17.744099,5550,1.695530,5.45,4.821012e-05,27142,136396800,1.3959
2026-02-26T20:50:01.315534,5600,1.684283,5.39,4.817498e-05,27151,137625600,1.4080
2026-02-26T20:50:45.302146,5650,1.722154,5.60,4.813952e-05,27158,138854400,1.4202
2026-02-26T20:51:29.953920,5700,1.671367,5.32,4.810373e-05,27161,140083200,1.4326
2026-02-26T20:52:15.061733,5750,1.679905,5.37,4.806761e-05,27162,141312000,1.4452
2026-02-26T20:52:59.489912,5800,1.729825,5.64,4.803117e-05,27166,142540800,1.4575
2026-02-26T20:53:43.855030,5850,1.728408,5.63,4.799441e-05,27171,143769600,1.4698
2026-02-26T20:54:28.381133,5900,1.733865,5.66,4.795732e-05,27174,144998400,1.4822
2026-02-26T20:55:12.973042,5950,1.698208,5.46,4.791990e-05,27177,146227200,1.4946
2026-02-26T20:55:57.470174,6000,1.680586,5.37,4.788217e-05,27181,147456000,1.5069
2026-02-26T20:56:55.773501,6050,1.700161,5.47,4.784411e-05,27116,148684800,1.5231
2026-02-26T20:57:39.464230,6100,1.697584,5.46,4.780573e-05,27124,149913600,1.5353
2026-02-26T20:58:23.122537,6150,1.701397,5.48,4.776703e-05,27132,151142400,1.5474
2026-02-26T20:59:06.701469,6200,1.670875,5.32,4.772801e-05,27140,152371200,1.5595
2026-02-26T20:59:50.218706,6250,1.680725,5.37,4.768866e-05,27149,153600000,1.5716
2026-02-26T21:00:33.739516,6300,1.694791,5.45,4.764900e-05,27157,154828800,1.5837
2026-02-26T21:01:17.255783,6350,1.681456,5.37,4.760902e-05,27165,156057600,1.5958
2026-02-26T21:02:00.812171,6400,1.706599,5.51,4.756873e-05,27173,157286400,1.6079
2026-02-26T21:02:44.313396,6450,1.696400,5.45,4.752811e-05,27181,158515200,1.6200
2026-02-26T21:03:27.778629,6500,1.702132,5.49,4.748718e-05,27189,159744000,1.6320
2026-02-26T21:04:11.929819,6550,1.690699,5.42,4.744593e-05,27194,160972800,1.6443
2026-02-26T21:04:55.455375,6600,1.665035,5.29,4.740437e-05,27201,162201600,1.6564
2026-02-26T21:05:38.979846,6650,1.703594,5.49,4.736249e-05,27209,163430400,1.6685
2026-02-26T21:06:22.412084,6700,1.693581,5.44,4.732030e-05,27217,164659200,1.6805
2026-02-26T21:07:05.914088,6750,1.680550,5.37,4.727780e-05,27224,165888000,1.6926
2026-02-26T21:07:49.395868,6800,1.679874,5.36,4.723498e-05,27231,167116800,1.7047
2026-02-26T21:08:32.889576,6850,1.702099,5.49,4.719185e-05,27239,168345600,1.7168
2026-02-26T21:09:16.343489,6900,1.725992,5.62,4.714841e-05,27246,169574400,1.7288
2026-02-26T21:09:59.843342,6950,1.730038,5.64,4.710465e-05,27253,170803200,1.7409
2026-02-26T21:10:43.612370,7000,1.726938,5.62,4.706059e-05,27259,172032000,1.7531
2026-02-26T21:11:40.450759,7050,1.689756,5.42,4.701622e-05,27208,173260800,1.7689
2026-02-26T21:12:25.373221,7100,1.643828,5.17,4.697154e-05,27209,174489600,1.7814
2026-02-26T21:13:11.155866,7150,1.591654,4.91,4.692655e-05,27207,175718400,1.7941
2026-02-26T21:13:56.056802,7200,1.638373,5.15,4.688125e-05,27208,176947200,1.8065
2026-02-26T21:14:40.929786,7250,1.692408,5.43,4.683565e-05,27209,178176000,1.8190
2026-02-26T21:15:25.753401,7300,1.682620,5.38,4.678975e-05,27210,179404800,1.8315
2026-02-26T21:16:10.854496,7350,1.664273,5.28,4.674353e-05,27211,180633600,1.8440
2026-02-26T21:16:55.888107,7400,1.648689,5.20,4.669702e-05,27211,181862400,1.8565
2026-02-26T21:17:40.868742,7450,1.676808,5.35,4.665019e-05,27212,183091200,1.8690
2026-02-26T21:18:25.657295,7500,1.676343,5.35,4.660307e-05,27213,184320000,1.8814
2026-02-26T21:19:09.938046,7550,1.669701,5.31,4.655565e-05,27217,185548800,1.8937
2026-02-26T21:19:54.030500,7600,1.699153,5.47,4.650792e-05,27221,186777600,1.9060
2026-02-26T21:20:38.314223,7650,1.703069,5.49,4.645989e-05,27224,188006400,1.9183
2026-02-26T21:21:22.447541,7700,1.681825,5.38,4.641156e-05,27228,189235200,1.9305
2026-02-26T21:22:07.019541,7750,1.710701,5.53,4.636294e-05,27230,190464000,1.9429
2026-02-26T21:22:51.282961,7800,1.716932,5.57,4.631401e-05,27234,191692800,1.9552
2026-02-26T21:23:35.494342,7850,1.659752,5.26,4.626479e-05,27237,192921600,1.9675
2026-02-26T21:24:19.880977,7900,1.603729,4.97,4.621527e-05,27240,194150400,1.9798
2026-02-26T21:25:12.790553,7950,1.617656,5.04,4.616546e-05,27210,195379200,1.9945
2026-02-26T21:26:11.083253,8000,1.681129,5.37,4.611535e-05,27161,196608000,2.0107
2026-02-26T21:27:37.479678,8050,1.685555,5.40,4.606494e-05,27008,197836800,2.0347
2026-02-26T21:28:47.463042,8100,1.646526,5.19,4.601424e-05,26919,199065600,2.0542
2026-02-26T21:29:59.307933,8150,1.650372,5.21,4.596325e-05,26825,200294400,2.0741
2026-02-26T21:31:10.519348,8200,1.629391,5.10,4.591197e-05,26734,201523200,2.0939
2026-02-26T21:32:23.576653,8250,1.626866,5.09,4.586040e-05,26639,202752000,2.1142
2026-02-26T21:33:35.483835,8300,1.643667,5.17,4.580853e-05,26550,203980800,2.1342
2026-02-26T21:34:47.214798,8350,1.603609,4.97,4.575638e-05,26463,205209600,2.1541
2026-02-26T21:35:59.050544,8400,1.609022,5.00,4.570393e-05,26377,206438400,2.1740
2026-02-26T21:37:12.166264,8450,1.623515,5.07,4.565120e-05,26288,207667200,2.1944
2026-02-26T21:38:23.723750,8500,1.632717,5.12,4.559819e-05,26206,208896000,2.2142
2026-02-26T21:39:35.156711,8550,1.631142,5.11,4.554488e-05,26126,210124800,2.2341
2026-02-26T21:40:48.111411,8600,1.643055,5.17,4.549129e-05,26043,211353600,2.2543
2026-02-26T21:41:58.504249,8650,1.669241,5.31,4.543742e-05,25969,212582400,2.2739
2026-02-26T21:43:09.653849,8700,1.639938,5.15,4.538326e-05,25894,213811200,2.2937
2026-02-26T21:44:19.936656,8750,1.604856,4.98,4.532882e-05,25823,215040000,2.3132
2026-02-26T21:45:32.562418,8800,1.606795,4.99,4.527410e-05,25746,216268800,2.3334
2026-02-26T21:46:43.957818,8850,1.630664,5.11,4.521910e-05,25674,217497600,2.3532
2026-02-26T21:47:54.785040,8900,1.630564,5.11,4.516381e-05,25605,218726400,2.3729
2026-02-26T21:49:05.310582,8950,1.607169,4.99,4.510825e-05,25538,219955200,2.3925
2026-02-26T21:50:15.865276,9000,1.646448,5.19,4.505241e-05,25472,221184000,2.4121
2026-02-26T21:51:48.434207,9050,1.678190,5.36,4.499629e-05,25343,222412800,2.4378
2026-02-26T21:52:58.892925,9100,1.601170,4.96,4.493989e-05,25281,223641600,2.4573
2026-02-26T21:54:09.343680,9150,1.577538,4.84,4.488322e-05,25219,224870400,2.4769
2026-02-26T21:55:18.958471,9200,1.600456,4.96,4.482628e-05,25160,226099200,2.4962
2026-02-26T21:56:29.633312,9250,1.621605,5.06,4.476906e-05,25099,227328000,2.5159
2026-02-26T21:57:43.190047,9300,1.674118,5.33,4.471156e-05,25032,228556800,2.5363
2026-02-26T21:58:56.164147,9350,1.669192,5.31,4.465380e-05,24967,229785600,2.5566
2026-02-26T22:00:11.179708,9400,1.625756,5.08,4.459576e-05,24897,231014400,2.5774
2026-02-26T22:01:25.681694,9450,1.615326,5.03,4.453745e-05,24830,232243200,2.5981
2026-02-26T22:02:40.925943,9500,1.624994,5.08,4.447888e-05,24763,233472000,2.6190
2026-02-26T22:03:53.150766,9550,1.645557,5.18,4.442003e-05,24704,234700800,2.6391
2026-02-26T22:05:07.350634,9600,1.640831,5.16,4.436092e-05,24641,235929600,2.6597
2026-02-26T22:06:21.675146,9650,1.585396,4.88,4.430154e-05,24578,237158400,2.6803
2026-02-26T22:07:34.049943,9700,1.573470,4.82,4.424190e-05,24521,238387200,2.7004
2026-02-26T22:08:46.538113,9750,1.591419,4.91,4.418199e-05,24465,239616000,2.7206
2026-02-26T22:09:59.409351,9800,1.622931,5.07,4.412181e-05,24409,240844800,2.7408
2026-02-26T22:11:10.909207,9850,1.638335,5.15,4.406138e-05,24357,242073600,2.7607
2026-02-26T22:12:22.950345,9900,1.614440,5.03,4.400068e-05,24305,243302400,2.7807
2026-02-26T22:13:34.992292,9950,1.600242,4.95,4.393972e-05,24253,244531200,2.8007
2026-02-26T22:14:46.518024,10000,1.588869,4.90,4.387850e-05,24203,245760000,2.8206
2026-02-26T22:16:53.028626,10050,1.629746,5.10,4.381702e-05,24025,246988800,2.8557
2026-02-26T22:18:03.702164,10100,1.639977,5.16,4.375529e-05,23980,248217600,2.8753
2026-02-26T22:19:08.948678,10150,1.589741,4.90,4.369329e-05,23947,249446400,2.8935
2026-02-26T22:20:14.936655,10200,1.604769,4.98,4.363104e-05,23914,250675200,2.9118
2026-02-26T22:21:24.738655,10250,1.636059,5.13,4.356854e-05,23872,251904000,2.9312
2026-02-26T22:22:34.680017,10300,1.582826,4.87,4.350578e-05,23831,253132800,2.9506
2026-02-26T22:23:44.130628,10350,1.561444,4.77,4.344277e-05,23791,254361600,2.9699
2026-02-26T22:24:54.317905,10400,1.619426,5.05,4.337950e-05,23750,255590400,2.9894
2026-02-26T22:26:05.194342,10450,1.622964,5.07,4.331599e-05,23708,256819200,3.0091
2026-02-26T22:27:16.554268,10500,1.608350,4.99,4.325222e-05,23665,258048000,3.0289
2026-02-26T22:28:28.668828,10550,1.627581,5.09,4.318821e-05,23622,259276800,3.0489
2026-02-26T22:29:39.754148,10600,1.640722,5.16,4.312395e-05,23581,260505600,3.0687
2026-02-26T22:30:51.352817,10650,1.637110,5.14,4.305944e-05,23540,261734400,3.0886
2026-02-26T22:32:01.698992,10700,1.595644,4.93,4.299468e-05,23501,262963200,3.1081
2026-02-26T22:33:11.730915,10750,1.568129,4.80,4.292968e-05,23464,264192000,3.1276
2026-02-26T22:34:22.098705,10800,1.584831,4.88,4.286444e-05,23427,265420800,3.1471
2026-02-26T22:35:33.063330,10850,1.628651,5.10,4.279895e-05,23389,266649600,3.1668
2026-02-26T22:36:44.488302,10900,1.625055,5.08,4.273322e-05,23351,267878400,3.1867
2026-02-26T22:37:57.596924,10950,1.614798,5.03,4.266725e-05,23309,269107200,3.2070
2026-02-26T22:39:07.793838,11000,1.651268,5.21,4.260104e-05,23274,270336000,3.2265
2026-02-26T22:40:43.638562,11050,1.643067,5.17,4.253459e-05,23189,271564800,3.2531
2026-02-26T22:41:56.007697,11100,1.593638,4.92,4.246791e-05,23150,272793600,3.2732
2026-02-26T22:43:09.399248,11150,1.570700,4.81,4.240098e-05,23111,274022400,3.2936
2026-02-26T22:44:23.463234,11200,1.626121,5.08,4.233382e-05,23070,275251200,3.3142
2026-02-26T22:45:36.946566,11250,1.644612,5.18,4.226643e-05,23031,276480000,3.3346
2026-02-26T22:46:30.802315,11300,1.607505,4.99,4.219880e-05,23030,277708800,3.3495
2026-02-26T22:47:16.116689,11350,1.620747,5.06,4.213094e-05,23046,278937600,3.3621
2026-02-26T22:48:02.318824,11400,1.601098,4.96,4.206285e-05,23059,280166400,3.3750
2026-02-26T22:48:48.031952,11450,1.573192,4.82,4.199453e-05,23074,281395200,3.3877
2026-02-26T22:49:33.583731,11500,1.569983,4.81,4.192598e-05,23088,282624000,3.4003
2026-02-26T22:50:18.591067,11550,1.587982,4.89,4.185720e-05,23104,283852800,3.4128
2026-02-26T22:51:04.269505,11600,1.617582,5.04,4.178820e-05,23118,285081600,3.4255
2026-02-26T22:51:49.250551,11650,1.629077,5.10,4.171896e-05,23133,286310400,3.4380
2026-02-26T22:52:34.149302,11700,1.630303,5.11,4.164951e-05,23148,287539200,3.4505
2026-02-26T22:53:19.191311,11750,1.566549,4.79,4.157983e-05,23163,288768000,3.4630
2026-02-26T22:54:04.272350,11800,1.593039,4.92,4.150992e-05,23178,289996800,3.4755
2026-02-26T22:54:49.780797,11850,1.622345,5.06,4.143980e-05,23192,291225600,3.4881
2026-02-26T22:55:34.782038,11900,1.581487,4.86,4.136946e-05,23206,292454400,3.5006
2026-02-26T22:56:19.833472,11950,1.560917,4.76,4.129889e-05,23221,293683200,3.5132
2026-02-26T22:57:04.730354,12000,1.618353,5.04,4.122811e-05,23236,294912000,3.5256
2026-02-26T22:58:00.964506,12050,1.627785,5.09,4.115711e-05,23229,296140800,3.5412
2026-02-26T22:58:45.712095,12100,1.589133,4.90,4.108589e-05,23244,297369600,3.5537
2026-02-26T22:59:30.459793,12150,1.572776,4.82,4.101446e-05,23259,298598400,3.5661
2026-02-26T23:00:15.254026,12200,1.540557,4.67,4.094282e-05,23274,299827200,3.5785
2026-02-26T23:01:00.194213,12250,1.571579,4.81,4.087096e-05,23288,301056000,3.5910
2026-02-26T23:01:45.289857,12300,1.580993,4.86,4.079889e-05,23301,302284800,3.6036
2026-02-26T23:02:30.283362,12350,1.548104,4.70,4.072662e-05,23315,303513600,3.6161
2026-02-26T23:03:15.297150,12400,1.578535,4.85,4.065413e-05,23329,304742400,3.6286
2026-02-26T23:04:00.217872,12450,1.610827,5.01,4.058143e-05,23343,305971200,3.6410
2026-02-26T23:04:45.323635,12500,1.559355,4.76,4.050853e-05,23356,307200000,3.6536
2026-02-26T23:05:30.195649,12550,1.531264,4.62,4.043542e-05,23370,308428800,3.6660
2026-02-26T23:06:14.942569,12600,1.606677,4.99,4.036211e-05,23384,309657600,3.6785
2026-02-26T23:06:59.906561,12650,1.616724,5.04,4.028859e-05,23397,310886400,3.6909
2026-02-26T23:07:44.926085,12700,1.548928,4.71,4.021487e-05,23410,312115200,3.7035
2026-02-26T23:08:29.218673,12750,1.551859,4.72,4.014096e-05,23425,313344000,3.7158
2026-02-26T23:09:13.709588,12800,1.560861,4.76,4.006684e-05,23438,314572800,3.7281
2026-02-26T23:09:58.310008,12850,1.589442,4.90,3.999252e-05,23452,315801600,3.7405
2026-02-26T23:10:42.875190,12900,1.583686,4.87,3.991800e-05,23466,317030400,3.7529
2026-02-26T23:11:28.080510,12950,1.588943,4.90,3.984329e-05,23478,318259200,3.7654
2026-02-26T23:12:13.176114,13000,1.592134,4.91,3.976838e-05,23491,319488000,3.7780
2026-02-26T23:13:12.236710,13050,1.564902,4.78,3.969328e-05,23479,320716800,3.7944
2026-02-26T23:13:57.501154,13100,1.594052,4.92,3.961799e-05,23491,321945600,3.8069
2026-02-26T23:14:42.277736,13150,1.585157,4.88,3.954250e-05,23504,323174400,3.8194
2026-02-26T23:15:27.090725,13200,1.566360,4.79,3.946683e-05,23517,324403200,3.8318
2026-02-26T23:16:12.419592,13250,1.562230,4.77,3.939096e-05,23528,325632000,3.8444
2026-02-26T23:16:57.428168,13300,1.572374,4.82,3.931491e-05,23541,326860800,3.8569
2026-02-26T23:17:42.379611,13350,1.599183,4.95,3.923867e-05,23553,328089600,3.8694
2026-02-26T23:18:27.364803,13400,1.606211,4.98,3.916224e-05,23565,329318400,3.8819
2026-02-26T23:19:12.468645,13450,1.599140,4.95,3.908563e-05,23577,330547200,3.8944
2026-02-26T23:19:57.587578,13500,1.577506,4.84,3.900884e-05,23589,331776000,3.9070
2026-02-26T23:20:42.562966,13550,1.578153,4.85,3.893186e-05,23600,333004800,3.9195
2026-02-26T23:21:27.611741,13600,1.545570,4.69,3.885470e-05,23612,334233600,3.9320
2026-02-26T23:22:12.567873,13650,1.545493,4.69,3.877737e-05,23624,335462400,3.9445
2026-02-26T23:22:57.559764,13700,1.566341,4.79,3.869985e-05,23636,336691200,3.9570
2026-02-26T23:23:42.530618,13750,1.545903,4.69,3.862216e-05,23647,337920000,3.9695
2026-02-26T23:24:27.607544,13800,1.513429,4.54,3.854430e-05,23659,339148800,3.9820
2026-02-26T23:25:12.587387,13850,1.510618,4.53,3.846625e-05,23670,340377600,3.9945
2026-02-26T23:25:58.228018,13900,1.549664,4.71,3.838804e-05,23680,341606400,4.0072
2026-02-26T23:26:43.203273,13950,1.596576,4.94,3.830965e-05,23692,342835200,4.0196
2026-02-26T23:27:27.846612,14000,1.602673,4.97,3.823109e-05,23703,344064000,4.0320
2026-02-26T23:28:22.907914,14050,1.585154,4.88,3.815236e-05,23698,345292800,4.0473
2026-02-26T23:29:07.372224,14100,1.589541,4.90,3.807347e-05,23710,346521600,4.0597
2026-02-26T23:29:51.715559,14150,1.604109,4.97,3.799440e-05,23722,347750400,4.0720
2026-02-26T23:30:36.017824,14200,1.618690,5.05,3.791517e-05,23734,348979200,4.0843
2026-02-26T23:31:20.390903,14250,1.587567,4.89,3.783578e-05,23746,350208000,4.0966
2026-02-26T23:32:04.744205,14300,1.572631,4.82,3.775622e-05,23758,351436800,4.1090
2026-02-26T23:32:49.105025,14350,1.569926,4.81,3.767650e-05,23770,352665600,4.1213
2026-02-26T23:33:33.422025,14400,1.555773,4.74,3.759662e-05,23782,353894400,4.1336
2026-02-26T23:34:17.779302,14450,1.581697,4.86,3.751658e-05,23793,355123200,4.1459
2026-02-26T23:35:02.029991,14500,1.604635,4.98,3.743638e-05,23805,356352000,4.1582
2026-02-26T23:35:46.333895,14550,1.613649,5.02,3.735602e-05,23817,357580800,4.1705
2026-02-26T23:36:30.567608,14600,1.592686,4.92,3.727551e-05,23828,358809600,4.1828
2026-02-26T23:37:14.792000,14650,1.575172,4.83,3.719484e-05,23840,360038400,4.1951
2026-02-26T23:37:59.811118,14700,1.610739,5.01,3.711402e-05,23850,361267200,4.2076
2026-02-26T23:38:44.048439,14750,1.623617,5.07,3.703305e-05,23862,362496000,4.2199
2026-02-26T23:39:28.287421,14800,1.599965,4.95,3.695193e-05,23873,363724800,4.2322
2026-02-26T23:40:12.479662,14850,1.568069,4.80,3.687066e-05,23884,364953600,4.2444
2026-02-26T23:40:56.746252,14900,1.556559,4.74,3.678924e-05,23896,366182400,4.2567
2026-02-26T23:41:40.989182,14950,1.574836,4.83,3.670767e-05,23907,367411200,4.2690
2026-02-26T23:42:25.206482,15000,1.616082,5.03,3.662596e-05,23918,368640000,4.2813
2026-02-26T23:43:56.194660,15050,1.599679,4.95,3.654410e-05,23857,369868800,4.3066
2026-02-26T23:44:40.363698,15100,1.593025,4.92,3.646210e-05,23868,371097600,4.3189
2026-02-26T23:45:24.484418,15150,1.592171,4.91,3.637996e-05,23879,372326400,4.3311
2026-02-26T23:46:08.640604,15200,1.549945,4.71,3.629767e-05,23890,373555200,4.3434
2026-02-26T23:46:52.819454,15250,1.589491,4.90,3.621525e-05,23902,374784000,4.3556
2026-02-26T23:47:36.927939,15300,1.572653,4.82,3.613269e-05,23913,376012800,4.3679
2026-02-26T23:48:21.100323,15350,1.542616,4.68,3.605000e-05,23924,377241600,4.3802
2026-02-26T23:49:05.143024,15400,1.582771,4.87,3.596716e-05,23935,378470400,4.3924
2026-02-26T23:49:49.300434,15450,1.574141,4.83,3.588420e-05,23945,379699200,4.4047
2026-02-26T23:50:33.484251,15500,1.565952,4.79,3.580110e-05,23956,380928000,4.4169
2026-02-26T23:51:17.630229,15550,1.537798,4.65,3.571787e-05,23967,382156800,4.4292
2026-02-26T23:52:01.863236,15600,1.581689,4.86,3.563451e-05,23978,383385600,4.4415
2026-02-26T23:52:46.014273,15650,1.618633,5.05,3.555103e-05,23988,384614400,4.4538
2026-02-26T23:53:30.171369,15700,1.585648,4.88,3.546741e-05,23999,385843200,4.4660
2026-02-26T23:54:14.208250,15750,1.579962,4.85,3.538367e-05,24009,387072000,4.4783
2026-02-26T23:54:58.218961,15800,1.564001,4.78,3.529980e-05,24020,388300800,4.4905
2026-02-26T23:55:42.175150,15850,1.555422,4.74,3.521582e-05,24031,389529600,4.5027
2026-02-26T23:56:26.122649,15900,1.549576,4.71,3.513170e-05,24041,390758400,4.5149
2026-02-26T23:57:10.081545,15950,1.544581,4.69,3.504747e-05,24052,391987200,4.5271
2026-02-26T23:57:54.077431,16000,1.515833,4.55,3.496312e-05,24062,393216000,4.5393
2026-02-26T23:58:50.921527,16050,1.538267,4.66,3.487865e-05,24054,394444800,4.5551
2026-02-26T23:59:34.994659,16100,1.600743,4.96,3.479407e-05,24064,395673600,4.5674
2026-02-27T00:00:18.933172,16150,1.599966,4.95,3.470937e-05,24074,396902400,4.5796
2026-02-27T00:01:02.841536,16200,1.575757,4.83,3.462455e-05,24085,398131200,4.5918
2026-02-27T00:01:46.765868,16250,1.533054,4.63,3.453962e-05,24095,399360000,4.6040
2026-02-27T00:02:31.506051,16300,1.528931,4.61,3.445458e-05,24104,400588800,4.6164
2026-02-27T00:03:15.409635,16350,1.531126,4.62,3.436944e-05,24114,401817600,4.6286
2026-02-27T00:03:59.359295,16400,1.512095,4.54,3.428418e-05,24125,403046400,4.6408
2026-02-27T00:04:43.290389,16450,1.526431,4.60,3.419881e-05,24135,404275200,4.6530
2026-02-27T00:05:27.293028,16500,1.510966,4.53,3.411334e-05,24145,405504000,4.6652
2026-02-27T00:06:11.359694,16550,1.568046,4.80,3.402777e-05,24154,406732800,4.6775
2026-02-27T00:06:55.339073,16600,1.617254,5.04,3.394209e-05,24164,407961600,4.6897
2026-02-27T00:07:39.379804,16650,1.555353,4.74,3.385631e-05,24174,409190400,4.7019
2026-02-27T00:08:23.435792,16700,1.502175,4.49,3.377043e-05,24184,410419200,4.7142
2026-02-27T00:09:07.415487,16750,1.544373,4.69,3.368445e-05,24193,411648000,4.7264
2026-02-27T00:09:51.489383,16800,1.569684,4.81,3.359837e-05,24203,412876800,4.7386
2026-02-27T00:10:35.519217,16850,1.512681,4.54,3.351219e-05,24212,414105600,4.7508
2026-02-27T00:11:19.473211,16900,1.535443,4.64,3.342592e-05,24222,415334400,4.7631
2026-02-27T00:12:03.332950,16950,1.547752,4.70,3.333956e-05,24232,416563200,4.7752
2026-02-27T00:12:47.224251,17000,1.546309,4.69,3.325310e-05,24241,417792000,4.7874
2026-02-27T00:13:43.418696,17050,1.554598,4.73,3.316656e-05,24234,419020800,4.8030
2026-02-27T00:14:27.443327,17100,1.523701,4.59,3.307992e-05,24243,420249600,4.8153
2026-02-27T00:15:12.053144,17150,1.535536,4.64,3.299320e-05,24251,421478400,4.8277
2026-02-27T00:15:55.914001,17200,1.559354,4.76,3.290639e-05,24261,422707200,4.8398
2026-02-27T00:16:39.825926,17250,1.559576,4.76,3.281949e-05,24270,423936000,4.8520
2026-02-27T00:17:23.829405,17300,1.540819,4.67,3.273251e-05,24279,425164800,4.8643
2026-02-27T00:18:07.772269,17350,1.521897,4.58,3.264544e-05,24289,426393600,4.8765
2026-02-27T00:18:51.675349,17400,1.552047,4.72,3.255830e-05,24298,427622400,4.8887
2026-02-27T00:19:35.597483,17450,1.536966,4.65,3.247107e-05,24307,428851200,4.9009
2026-02-27T00:20:19.511565,17500,1.511726,4.53,3.238377e-05,24316,430080000,4.9131
2026-02-27T00:21:03.408960,17550,1.521282,4.58,3.229639e-05,24325,431308800,4.9253
2026-02-27T00:21:47.339795,17600,1.524590,4.59,3.220893e-05,24334,432537600,4.9375
2026-02-27T00:22:31.272708,17650,1.555694,4.74,3.212140e-05,24343,433766400,4.9497
2026-02-27T00:23:15.206284,17700,1.585749,4.88,3.203380e-05,24352,434995200,4.9619
2026-02-27T00:23:59.156340,17750,1.597816,4.94,3.194612e-05,24361,436224000,4.9741
2026-02-27T00:24:43.147433,17800,1.574745,4.83,3.185837e-05,24370,437452800,4.9863
2026-02-27T00:25:27.123696,17850,1.530058,4.62,3.177056e-05,24378,438681600,4.9985
2026-02-27T00:26:11.142740,17900,1.531723,4.63,3.168268e-05,24387,439910400,5.0107
2026-02-27T00:26:55.332567,17950,1.581233,4.86,3.159473e-05,24395,441139200,5.0230
2026-02-27T00:27:39.313128,18000,1.554314,4.73,3.150671e-05,24404,442368000,5.0352
2026-02-27T00:28:32.760405,18050,1.483265,4.41,3.141864e-05,24400,443596800,5.0501
2026-02-27T00:29:16.838818,18100,1.514642,4.55,3.133050e-05,24408,444825600,5.0623
2026-02-27T00:30:00.745831,18150,1.534853,4.64,3.124230e-05,24417,446054400,5.0745
2026-02-27T00:30:44.768147,18200,1.506131,4.51,3.115404e-05,24425,447283200,5.0867
2026-02-27T00:31:28.789782,18250,1.534684,4.64,3.106572e-05,24434,448512000,5.0990
2026-02-27T00:32:12.661638,18300,1.554238,4.73,3.097735e-05,24442,449740800,5.1112
2026-02-27T00:32:56.562106,18350,1.534837,4.64,3.088892e-05,24451,450969600,5.1234
2026-02-27T00:33:40.461326,18400,1.556783,4.74,3.080044e-05,24459,452198400,5.1355
2026-02-27T00:34:24.391236,18450,1.591749,4.91,3.071191e-05,24467,453427200,5.1478
2026-02-27T00:35:08.323887,18500,1.572069,4.82,3.062332e-05,24476,454656000,5.1600
2026-02-27T00:35:52.131580,18550,1.508438,4.52,3.053469e-05,24484,455884800,5.1721
2026-02-27T00:36:36.027828,18600,1.456289,4.29,3.044601e-05,24492,457113600,5.1843
2026-02-27T00:37:19.966960,18650,1.520007,4.57,3.035728e-05,24500,458342400,5.1965
2026-02-27T00:38:03.940211,18700,1.561452,4.77,3.026850e-05,24509,459571200,5.2087
2026-02-27T00:38:47.776837,18750,1.570573,4.81,3.017969e-05,24517,460800000,5.2209
2026-02-27T00:39:32.325451,18800,1.589551,4.90,3.009083e-05,24524,462028800,5.2333
2026-02-27T00:40:16.217776,18850,1.578380,4.85,3.000193e-05,24532,463257600,5.2455
2026-02-27T00:41:00.168794,18900,1.556782,4.74,2.991299e-05,24540,464486400,5.2577
2026-02-27T00:41:44.106219,18950,1.551965,4.72,2.982401e-05,24548,465715200,5.2699
2026-02-27T00:42:28.009961,19000,1.558094,4.75,2.973499e-05,24556,466944000,5.2821
2026-02-27T00:43:24.887471,19050,1.517586,4.56,2.964594e-05,24547,468172800,5.2979
2026-02-27T00:44:08.936261,19100,1.524282,4.59,2.955686e-05,24555,469401600,5.3101
2026-02-27T00:44:52.843622,19150,1.565958,4.79,2.946774e-05,24563,470630400,5.3223
2026-02-27T00:45:36.799463,19200,1.581150,4.86,2.937859e-05,24570,471859200,5.3345
2026-02-27T00:46:20.567511,19250,1.528894,4.61,2.928941e-05,24578,473088000,5.3467
2026-02-27T00:47:04.468347,19300,1.511379,4.53,2.920021e-05,24586,474316800,5.3589
2026-02-27T00:47:48.349406,19350,1.523226,4.59,2.911097e-05,24594,475545600,5.3711
2026-02-27T00:48:32.317958,19400,1.535865,4.65,2.902171e-05,24602,476774400,5.3833
2026-02-27T00:49:16.185982,19450,1.536802,4.65,2.893243e-05,24609,478003200,5.3955
2026-02-27T00:50:00.098436,19500,1.518896,4.57,2.884313e-05,24617,479232000,5.4077
2026-02-27T00:50:43.915415,19550,1.529544,4.62,2.875380e-05,24625,480460800,5.4198
2026-02-27T00:51:28.404578,19600,1.528718,4.61,2.866445e-05,24631,481689600,5.4322
2026-02-27T00:52:12.311176,19650,1.503092,4.50,2.857509e-05,24639,482918400,5.4444
2026-02-27T00:52:56.188912,19700,1.513517,4.54,2.848571e-05,24646,484147200,5.4566
2026-02-27T00:53:40.157764,19750,1.530683,4.62,2.839631e-05,24654,485376000,5.4688
2026-02-27T00:54:24.093140,19800,1.515023,4.55,2.830690e-05,24661,486604800,5.4810
2026-02-27T00:55:08.079663,19850,1.515693,4.55,2.821747e-05,24668,487833600,5.4932
2026-02-27T00:55:52.063726,19900,1.527186,4.61,2.812804e-05,24676,489062400,5.5054
2026-02-27T00:56:36.072099,19950,1.537537,4.65,2.803859e-05,24683,490291200,5.5177
2026-02-27T00:57:20.089030,20000,1.507621,4.52,2.794914e-05,24690,491520000,5.5299
2026-02-27T00:58:52.310236,20050,1.502096,4.49,2.785968e-05,24638,492748800,5.5555
2026-02-27T00:59:36.177846,20100,1.526377,4.60,2.777021e-05,24645,493977600,5.5677
2026-02-27T01:00:20.010145,20150,1.528805,4.61,2.768074e-05,24652,495206400,5.5799
2026-02-27T01:01:03.835053,20200,1.546577,4.70,2.759127e-05,24660,496435200,5.5920
2026-02-27T01:01:47.746872,20250,1.546662,4.70,2.750179e-05,24667,497664000,5.6042
2026-02-27T01:02:31.514696,20300,1.517350,4.56,2.741231e-05,24674,498892800,5.6164
2026-02-27T01:03:15.393616,20350,1.525395,4.60,2.732284e-05,24682,500121600,5.6286
2026-02-27T01:03:59.302203,20400,1.519535,4.57,2.723337e-05,24689,501350400,5.6408
2026-02-27T01:04:43.134519,20450,1.517183,4.56,2.714390e-05,24696,502579200,5.6530
2026-02-27T01:05:26.965399,20500,1.522709,4.58,2.705444e-05,24703,503808000,5.6651
2026-02-27T01:06:10.793058,20550,1.477145,4.38,2.696499e-05,24710,505036800,5.6773
2026-02-27T01:06:54.644722,20600,1.481077,4.40,2.687554e-05,24717,506265600,5.6895
2026-02-27T01:07:38.485432,20650,1.503805,4.50,2.678610e-05,24724,507494400,5.7017
2026-02-27T01:08:22.333986,20700,1.485439,4.42,2.669668e-05,24732,508723200,5.7138
2026-02-27T01:09:06.183940,20750,1.476746,4.38,2.660727e-05,24739,509952000,5.7260
2026-02-27T01:09:50.089528,20800,1.522650,4.58,2.651787e-05,24745,511180800,5.7382
2026-02-27T01:10:33.981059,20850,1.523128,4.59,2.642849e-05,24752,512409600,5.7504
2026-02-27T01:11:17.905581,20900,1.488756,4.43,2.633912e-05,24759,513638400,5.7626
2026-02-27T01:12:01.848789,20950,1.515955,4.55,2.624977e-05,24766,514867200,5.7748
2026-02-27T01:12:45.774398,21000,1.535972,4.65,2.616045e-05,24773,516096000,5.7870
2026-02-27T01:13:40.242808,21050,1.540973,4.67,2.607114e-05,24767,517324800,5.8022
2026-02-27T01:14:24.296634,21100,1.516310,4.56,2.598186e-05,24773,518553600,5.8144
2026-02-27T01:15:08.195113,21150,1.497619,4.47,2.589260e-05,24780,519782400,5.8266
2026-02-27T01:15:52.027073,21200,1.511273,4.53,2.580336e-05,24787,521011200,5.8388
2026-02-27T01:16:36.623576,21250,1.544484,4.69,2.571416e-05,24793,522240000,5.8511
2026-02-27T01:17:20.511082,21300,1.526112,4.60,2.562498e-05,24800,523468800,5.8633
2026-02-27T01:18:04.421051,21350,1.481963,4.40,2.553583e-05,24806,524697600,5.8755
2026-02-27T01:18:48.331467,21400,1.503360,4.50,2.544671e-05,24813,525926400,5.8877
2026-02-27T01:19:32.212407,21450,1.520232,4.57,2.535762e-05,24819,527155200,5.8999
2026-02-27T01:20:16.114394,21500,1.506071,4.51,2.526857e-05,24826,528384000,5.9121
2026-02-27T01:21:00.052766,21550,1.503152,4.50,2.517955e-05,24832,529612800,5.9243
2026-02-27T01:21:43.978374,21600,1.500274,4.48,2.509057e-05,24839,530841600,5.9365
2026-02-27T01:22:27.838087,21650,1.489934,4.44,2.500163e-05,24845,532070400,5.9487
2026-02-27T01:23:11.735712,21700,1.499736,4.48,2.491273e-05,24852,533299200,5.9609
2026-02-27T01:23:55.556719,21750,1.525649,4.60,2.482387e-05,24858,534528000,5.9731
2026-02-27T01:24:39.373951,21800,1.494126,4.46,2.473505e-05,24865,535756800,5.9852
2026-02-27T01:25:23.197688,21850,1.482073,4.40,2.464627e-05,24871,536985600,5.9974
2026-02-27T01:26:07.047186,21900,1.492996,4.45,2.455754e-05,24878,538214400,6.0096
2026-02-27T01:26:50.775420,21950,1.488572,4.43,2.446886e-05,24884,539443200,6.0217
2026-02-27T01:27:34.506054,22000,1.527581,4.61,2.438022e-05,24891,540672000,6.0339
2026-02-27T01:28:30.147572,22050,1.506067,4.51,2.429164e-05,24883,541900800,6.0494
2026-02-27T01:29:13.986421,22100,1.490596,4.44,2.420310e-05,24890,543129600,6.0615
2026-02-27T01:29:57.770939,22150,1.543237,4.68,2.411462e-05,24896,544358400,6.0737
2026-02-27T01:30:41.392577,22200,1.524538,4.59,2.402619e-05,24903,545587200,6.0858
2026-02-27T01:31:25.116346,22250,1.504028,4.50,2.393781e-05,24909,546816000,6.0980
2026-02-27T01:32:08.855733,22300,1.539528,4.66,2.384949e-05,24915,548044800,6.1101
2026-02-27T01:32:52.555238,22350,1.514638,4.55,2.376123e-05,24922,549273600,6.1222
2026-02-27T01:33:36.326374,22400,1.453369,4.28,2.367303e-05,24928,550502400,6.1344
2026-02-27T01:34:20.041577,22450,1.467474,4.34,2.358489e-05,24934,551731200,6.1465
2026-02-27T01:35:03.765438,22500,1.501737,4.49,2.349681e-05,24940,552960000,6.1587
2026-02-27T01:35:47.496698,22550,1.474580,4.37,2.340879e-05,24947,554188800,6.1708
2026-02-27T01:36:31.310378,22600,1.482095,4.40,2.332084e-05,24953,555417600,6.1830
2026-02-27T01:37:15.084808,22650,1.493632,4.45,2.323295e-05,24959,556646400,6.1952
2026-02-27T01:37:58.842710,22700,1.509527,4.52,2.314514e-05,24965,557875200,6.2073
2026-02-27T01:38:42.541696,22750,1.522858,4.59,2.305739e-05,24971,559104000,6.2195
2026-02-27T01:39:26.235863,22800,1.538097,4.66,2.296971e-05,24977,560332800,6.2316
2026-02-27T01:40:10.048362,22850,1.545876,4.69,2.288210e-05,24983,561561600,6.2438
2026-02-27T01:40:53.828457,22900,1.538321,4.66,2.279457e-05,24989,562790400,6.2559
2026-02-27T01:41:37.532920,22950,1.526178,4.60,2.270711e-05,24995,564019200,6.2681
2026-02-27T01:42:21.248785,23000,1.515232,4.55,2.261972e-05,25001,565248000,6.2802
2026-02-27T01:43:15.830003,23050,1.513067,4.54,2.253242e-05,24995,566476800,6.2954
2026-02-27T01:43:59.672174,23100,1.543798,4.68,2.244519e-05,25001,567705600,6.3076
2026-02-27T01:44:43.420039,23150,1.566302,4.79,2.235804e-05,25007,568934400,6.3197
2026-02-27T01:45:27.139157,23200,1.514547,4.55,2.227097e-05,25013,570163200,6.3318
2026-02-27T01:46:10.826123,23250,1.523376,4.59,2.218399e-05,25019,571392000,6.3440
2026-02-27T01:46:54.540219,23300,1.529740,4.62,2.209709e-05,25025,572620800,6.3561
2026-02-27T01:47:38.237797,23350,1.521776,4.58,2.201027e-05,25031,573849600,6.3683
2026-02-27T01:48:21.907557,23400,1.490078,4.44,2.192355e-05,25037,575078400,6.3804
2026-02-27T01:49:05.660937,23450,1.504743,4.50,2.183691e-05,25042,576307200,6.3925
2026-02-27T01:49:49.387172,23500,1.525392,4.60,2.175036e-05,25048,577536000,6.4047
2026-02-27T01:50:33.135063,23550,1.514683,4.55,2.166390e-05,25054,578764800,6.4168
2026-02-27T01:51:16.877969,23600,1.534141,4.64,2.157753e-05,25060,579993600,6.4290
2026-02-27T01:52:01.282235,23650,1.498934,4.48,2.149126e-05,25065,581222400,6.4413
2026-02-27T01:52:45.007523,23700,1.523547,4.59,2.140508e-05,25071,582451200,6.4535
2026-02-27T01:53:28.710196,23750,1.548758,4.71,2.131900e-05,25076,583680000,6.4656
2026-02-27T01:54:12.405404,23800,1.520910,4.58,2.123301e-05,25082,584908800,6.4778
2026-02-27T01:54:56.111365,23850,1.545818,4.69,2.114713e-05,25088,586137600,6.4899
2026-02-27T01:55:39.835532,23900,1.580362,4.86,2.106134e-05,25093,587366400,6.5020
2026-02-27T01:56:23.554276,23950,1.577588,4.84,2.097566e-05,25099,588595200,6.5142
2026-02-27T01:57:07.296282,24000,1.536309,4.65,2.089008e-05,25104,589824000,6.5263
2026-02-27T01:58:01.570787,24050,1.519494,4.57,2.080460e-05,25099,591052800,6.5414
2026-02-27T01:58:45.439228,24100,1.495105,4.46,2.071924e-05,25104,592281600,6.5536
2026-02-27T01:59:29.257662,24150,1.491186,4.44,2.063397e-05,25110,593510400,6.5658
2026-02-27T02:00:13.002679,24200,1.543908,4.68,2.054882e-05,25115,594739200,6.5779
2026-02-27T02:00:56.668210,24250,1.541298,4.67,2.046378e-05,25121,595968000,6.5901
2026-02-27T02:01:40.368799,24300,1.549651,4.71,2.037884e-05,25126,597196800,6.6022
2026-02-27T02:02:24.070247,24350,1.562578,4.77,2.029402e-05,25132,598425600,6.6143
2026-02-27T02:03:07.776566,24400,1.533972,4.64,2.020932e-05,25137,599654400,6.6265
2026-02-27T02:03:52.136079,24450,1.541192,4.67,2.012473e-05,25142,600883200,6.6388
2026-02-27T02:04:35.826471,24500,1.524580,4.59,2.004025e-05,25147,602112000,6.6509
2026-02-27T02:05:19.461694,24550,1.496980,4.47,1.995590e-05,25153,603340800,6.6630
2026-02-27T02:06:03.138892,24600,1.470777,4.35,1.987166e-05,25158,604569600,6.6752
2026-02-27T02:06:46.835940,24650,1.479631,4.39,1.978755e-05,25164,605798400,6.6873
2026-02-27T02:07:30.519627,24700,1.540791,4.67,1.970355e-05,25169,607027200,6.6995
2026-02-27T02:08:14.286531,24750,1.524934,4.59,1.961968e-05,25174,608256000,6.7116
2026-02-27T02:08:58.008448,24800,1.480502,4.40,1.953594e-05,25180,609484800,6.7238
2026-02-27T02:09:41.744063,24850,1.496959,4.47,1.945232e-05,25185,610713600,6.7359
2026-02-27T02:10:25.437809,24900,1.505183,4.50,1.936882e-05,25190,611942400,6.7480
2026-02-27T02:11:09.178953,24950,1.536321,4.65,1.928546e-05,25195,613171200,6.7602
2026-02-27T02:11:52.899851,25000,1.571655,4.81,1.920223e-05,25201,614400000,6.7723
2026-02-27T02:13:26.660381,25050,1.532568,4.63,1.911912e-05,25154,615628800,6.7984
2026-02-27T02:14:10.347121,25100,1.485916,4.42,1.903615e-05,25160,616857600,6.8105
2026-02-27T02:14:54.023715,25150,1.493131,4.45,1.895331e-05,25165,618086400,6.8226
2026-02-27T02:15:37.708472,25200,1.512762,4.54,1.887061e-05,25170,619315200,6.8348
2026-02-27T02:16:21.356547,25250,1.510819,4.53,1.878805e-05,25175,620544000,6.8469
2026-02-27T02:17:05.070374,25300,1.544331,4.68,1.870562e-05,25181,621772800,6.8591
2026-02-27T02:17:48.767723,25350,1.522559,4.58,1.862333e-05,25186,623001600,6.8712
2026-02-27T02:18:32.401153,25400,1.506817,4.51,1.854119e-05,25191,624230400,6.8833
2026-02-27T02:19:16.088159,25450,1.528711,4.61,1.845918e-05,25196,625459200,6.8954
2026-02-27T02:19:59.749815,25500,1.524304,4.59,1.837732e-05,25201,626688000,6.9076
2026-02-27T02:20:43.417806,25550,1.521480,4.58,1.829560e-05,25206,627916800,6.9197
2026-02-27T02:21:27.122196,25600,1.472061,4.36,1.821402e-05,25212,629145600,6.9318
2026-02-27T02:22:10.834830,25650,1.496056,4.46,1.813260e-05,25217,630374400,6.9440
2026-02-27T02:22:54.520901,25700,1.523032,4.59,1.805132e-05,25222,631603200,6.9561
2026-02-27T02:23:38.248737,25750,1.500773,4.49,1.797019e-05,25227,632832000,6.9683
2026-02-27T02:24:21.897585,25800,1.509740,4.53,1.788921e-05,25232,634060800,6.9804
2026-02-27T02:25:05.594094,25850,1.502485,4.49,1.780839e-05,25237,635289600,6.9925
2026-02-27T02:25:49.310001,25900,1.470321,4.35,1.772771e-05,25242,636518400,7.0047
2026-02-27T02:26:33.011810,25950,1.483339,4.41,1.764719e-05,25247,637747200,7.0168
2026-02-27T02:27:16.720091,26000,1.502735,4.49,1.756683e-05,25252,638976000,7.0290
2026-02-27T02:28:11.767629,26050,1.483983,4.41,1.748663e-05,25245,640204800,7.0442
2026-02-27T02:28:56.173521,26100,1.468279,4.34,1.740658e-05,25250,641433600,7.0566
2026-02-27T02:29:39.895995,26150,1.451468,4.27,1.732669e-05,25255,642662400,7.0687
2026-02-27T02:30:23.632553,26200,1.450668,4.27,1.724697e-05,25259,643891200,7.0809
2026-02-27T02:31:07.399214,26250,1.459628,4.30,1.716740e-05,25264,645120000,7.0930
2026-02-27T02:31:51.057139,26300,1.459437,4.30,1.708800e-05,25269,646348800,7.1052
2026-02-27T02:32:34.795348,26350,1.489260,4.43,1.700876e-05,25274,647577600,7.1173
2026-02-27T02:33:18.534441,26400,1.512072,4.54,1.692969e-05,25279,648806400,7.1295
2026-02-27T02:34:02.177622,26450,1.454308,4.28,1.685079e-05,25284,650035200,7.1416
2026-02-27T02:34:45.894419,26500,1.455567,4.29,1.677205e-05,25288,651264000,7.1537
2026-02-27T02:35:29.606373,26550,1.550343,4.71,1.669349e-05,25293,652492800,7.1659
2026-02-27T02:36:13.313469,26600,1.575737,4.83,1.661509e-05,25298,653721600,7.1780
2026-02-27T02:36:56.986457,26650,1.521035,4.58,1.653687e-05,25303,654950400,7.1901
2026-02-27T02:37:40.710473,26700,1.507205,4.51,1.645882e-05,25308,656179200,7.2023
2026-02-27T02:38:24.383100,26750,1.523738,4.59,1.638095e-05,25312,657408000,7.2144
2026-02-27T02:39:08.123590,26800,1.535645,4.64,1.630325e-05,25317,658636800,7.2266
2026-02-27T02:39:51.846089,26850,1.518918,4.57,1.622573e-05,25322,659865600,7.2387
2026-02-27T02:40:35.583867,26900,1.518903,4.57,1.614839e-05,25326,661094400,7.2509
2026-02-27T02:41:19.954509,26950,1.498265,4.47,1.607122e-05,25330,662323200,7.2632
2026-02-27T02:42:03.714776,27000,1.471133,4.35,1.599424e-05,25335,663552000,7.2753
2026-02-27T02:43:00.621983,27050,1.555063,4.74,1.591744e-05,25327,664780800,7.2911
2026-02-27T02:43:44.481547,27100,1.580582,4.86,1.584082e-05,25331,666009600,7.3033
2026-02-27T02:44:28.293510,27150,1.518608,4.57,1.576439e-05,25336,667238400,7.3155
2026-02-27T02:45:11.975632,27200,1.500901,4.49,1.568814e-05,25340,668467200,7.3276
2026-02-27T02:45:55.719210,27250,1.473871,4.37,1.561208e-05,25345,669696000,7.3398
2026-02-27T02:46:39.449383,27300,1.464846,4.33,1.553621e-05,25350,670924800,7.3519
2026-02-27T02:47:23.172780,27350,1.484038,4.41,1.546052e-05,25354,672153600,7.3641
2026-02-27T02:48:06.902926,27400,1.483161,4.41,1.538503e-05,25359,673382400,7.3762
2026-02-27T02:48:50.626077,27450,1.514876,4.55,1.530973e-05,25363,674611200,7.3884
2026-02-27T02:49:34.393620,27500,1.529845,4.62,1.523462e-05,25368,675840000,7.4005
2026-02-27T02:50:18.145564,27550,1.485539,4.42,1.515970e-05,25372,677068800,7.4127
2026-02-27T02:51:01.896415,27600,1.503144,4.50,1.508498e-05,25376,678297600,7.4248
2026-02-27T02:51:45.618082,27650,1.512234,4.54,1.501046e-05,25381,679526400,7.4370
2026-02-27T02:52:29.329704,27700,1.506363,4.51,1.493613e-05,25385,680755200,7.4491
2026-02-27T02:53:13.135046,27750,1.543977,4.68,1.486201e-05,25390,681984000,7.4613
2026-02-27T02:53:56.901797,27800,1.519026,4.57,1.478808e-05,25394,683212800,7.4734
2026-02-27T02:54:40.671739,27850,1.472116,4.36,1.471435e-05,25398,684441600,7.4856
2026-02-27T02:55:24.338596,27900,1.471054,4.35,1.464083e-05,25403,685670400,7.4977
2026-02-27T02:56:08.073753,27950,1.490794,4.44,1.456751e-05,25407,686899200,7.5099
2026-02-27T02:56:51.815290,28000,1.532090,4.63,1.449439e-05,25412,688128000,7.5220
2026-02-27T02:57:49.469573,28050,1.536694,4.65,1.442148e-05,25403,689356800,7.5381
2026-02-27T02:58:33.301501,28100,1.487530,4.43,1.434878e-05,25407,690585600,7.5502
2026-02-27T02:59:17.074817,28150,1.475384,4.37,1.427628e-05,25411,691814400,7.5624
2026-02-27T03:00:00.761404,28200,1.514337,4.55,1.420399e-05,25416,693043200,7.5745
2026-02-27T03:00:44.450877,28250,1.494493,4.46,1.413192e-05,25420,694272000,7.5867
2026-02-27T03:01:28.210402,28300,1.468466,4.34,1.406005e-05,25424,695500800,7.5988
2026-02-27T03:02:11.944333,28350,1.506094,4.51,1.398840e-05,25429,696729600,7.6110
2026-02-27T03:02:55.627729,28400,1.519109,4.57,1.391696e-05,25433,697958400,7.6231
2026-02-27T03:03:39.290668,28450,1.526400,4.60,1.384574e-05,25437,699187200,7.6352
2026-02-27T03:04:22.964447,28500,1.490998,4.44,1.377473e-05,25441,700416000,7.6474
2026-02-27T03:05:06.667934,28550,1.457707,4.30,1.370394e-05,25446,701644800,7.6595
2026-02-27T03:05:51.140498,28600,1.472447,4.36,1.363336e-05,25449,702873600,7.6718
2026-02-27T03:06:34.854990,28650,1.489096,4.43,1.356301e-05,25453,704102400,7.6840
2026-02-27T03:07:18.555527,28700,1.497986,4.47,1.349288e-05,25458,705331200,7.6961
2026-02-27T03:08:02.320619,28750,1.494926,4.46,1.342296e-05,25462,706560000,7.7083
2026-02-27T03:08:46.002250,28800,1.523778,4.59,1.335328e-05,25466,707788800,7.7204
2026-02-27T03:09:29.730476,28850,1.502110,4.49,1.328381e-05,25470,709017600,7.7326
2026-02-27T03:10:13.400758,28900,1.481898,4.40,1.321457e-05,25474,710246400,7.7447
2026-02-27T03:10:57.094606,28950,1.486637,4.42,1.314555e-05,25478,711475200,7.7568
2026-02-27T03:11:40.861714,29000,1.464062,4.32,1.307677e-05,25482,712704000,7.7690
2026-02-27T03:12:37.581576,29050,1.493386,4.45,1.300821e-05,25475,713932800,7.7847
2026-02-27T03:13:21.375377,29100,1.504956,4.50,1.293988e-05,25479,715161600,7.7969
2026-02-27T03:14:05.184506,29150,1.490773,4.44,1.287178e-05,25483,716390400,7.8091
2026-02-27T03:14:48.928575,29200,1.465676,4.33,1.280391e-05,25487,717619200,7.8212
2026-02-27T03:15:32.663664,29250,1.448662,4.26,1.273627e-05,25491,718848000,7.8334
2026-02-27T03:16:16.423787,29300,1.493818,4.45,1.266887e-05,25495,720076800,7.8455
2026-02-27T03:17:00.184382,29350,1.515128,4.55,1.260170e-05,25499,721305600,7.8577
2026-02-27T03:17:44.593561,29400,1.507732,4.52,1.253477e-05,25502,722534400,7.8700
2026-02-27T03:18:28.362791,29450,1.522411,4.58,1.246807e-05,25506,723763200,7.8822
2026-02-27T03:19:12.098750,29500,1.515698,4.55,1.240161e-05,25510,724992000,7.8943
2026-02-27T03:19:55.802944,29550,1.499891,4.48,1.233539e-05,25514,726220800,7.9065
2026-02-27T03:20:39.524470,29600,1.488923,4.43,1.226941e-05,25518,727449600,7.9186
2026-02-27T03:21:23.208178,29650,1.421860,4.14,1.220367e-05,25522,728678400,7.9308
2026-02-27T03:22:06.926863,29700,1.421661,4.14,1.213818e-05,25526,729907200,7.9429
2026-02-27T03:22:50.664462,29750,1.488553,4.43,1.207292e-05,25530,731136000,7.9550
2026-02-27T03:23:34.440492,29800,1.505787,4.51,1.200791e-05,25534,732364800,7.9672
2026-02-27T03:24:18.145267,29850,1.503528,4.50,1.194315e-05,25538,733593600,7.9793
2026-02-27T03:25:01.880000,29900,1.473168,4.36,1.187863e-05,25542,734822400,7.9915
2026-02-27T03:25:45.560889,29950,1.509713,4.53,1.181436e-05,25546,736051200,8.0036
2026-02-27T03:26:29.259078,30000,1.568662,4.80,1.175033e-05,25550,737280000,8.0158
2026-02-27T03:28:02.361579,30050,1.551437,4.72,1.168656e-05,25510,738508800,8.0416
2026-02-27T03:28:46.090661,30100,1.487036,4.42,1.162303e-05,25514,739737600,8.0538
2026-02-27T03:29:29.763904,30150,1.447469,4.25,1.155976e-05,25518,740966400,8.0659
2026-02-27T03:30:14.076781,30200,1.460689,4.31,1.149674e-05,25521,742195200,8.0782
2026-02-27T03:30:58.003750,30250,1.445739,4.24,1.143397e-05,25525,743424000,8.0904
2026-02-27T03:31:41.534894,30300,1.461409,4.31,1.137145e-05,25529,744652800,8.1025
2026-02-27T03:32:25.303677,30350,1.495209,4.46,1.130919e-05,25533,745881600,8.1147
2026-02-27T03:33:09.022884,30400,1.534850,4.64,1.124719e-05,25537,747110400,8.1268
2026-02-27T03:33:52.724931,30450,1.536244,4.65,1.118544e-05,25540,748339200,8.1390
2026-02-27T03:34:36.391019,30500,1.486720,4.42,1.112395e-05,25544,749568000,8.1511
2026-02-27T03:35:20.114379,30550,1.498641,4.48,1.106272e-05,25548,750796800,8.1632
2026-02-27T03:36:03.762859,30600,1.488617,4.43,1.100175e-05,25552,752025600,8.1754
2026-02-27T03:36:47.408266,30650,1.444780,4.24,1.094105e-05,25556,753254400,8.1875
2026-02-27T03:37:31.102326,30700,1.416389,4.12,1.088060e-05,25560,754483200,8.1996
2026-02-27T03:38:14.822048,30750,1.450054,4.26,1.082042e-05,25563,755712000,8.2118
2026-02-27T03:38:58.624506,30800,1.525530,4.60,1.076049e-05,25567,756940800,8.2239
2026-02-27T03:39:42.288856,30850,1.574017,4.83,1.070084e-05,25571,758169600,8.2361
2026-02-27T03:40:25.945547,30900,1.484069,4.41,1.064145e-05,25575,759398400,8.2482
2026-02-27T03:41:09.705954,30950,1.464806,4.33,1.058233e-05,25578,760627200,8.2603
2026-02-27T03:41:53.355657,31000,1.491698,4.44,1.052347e-05,25582,761856000,8.2725
2026-02-27T03:42:49.041694,31050,1.469149,4.35,1.046488e-05,25575,763084800,8.2879
2026-02-27T03:43:32.881397,31100,1.509460,4.52,1.040657e-05,25579,764313600,8.3001
2026-02-27T03:44:16.571034,31150,1.506176,4.51,1.034852e-05,25583,765542400,8.3122
2026-02-27T03:45:00.333738,31200,1.486301,4.42,1.029074e-05,25586,766771200,8.3244
2026-02-27T03:45:44.025794,31250,1.477610,4.38,1.023324e-05,25590,768000000,8.3365
2026-02-27T03:46:27.760118,31300,1.483014,4.41,1.017601e-05,25594,769228800,8.3487
2026-02-27T03:47:11.469075,31350,1.469514,4.35,1.011905e-05,25597,770457600,8.3608
2026-02-27T03:47:55.177707,31400,1.468382,4.34,1.006237e-05,25601,771686400,8.3730
2026-02-27T03:48:38.867056,31450,1.489964,4.44,1.000596e-05,25605,772915200,8.3851
2026-02-27T03:49:22.587658,31500,1.499052,4.48,9.949830e-06,25608,774144000,8.3973
2026-02-27T03:50:06.290326,31550,1.483700,4.41,9.893978e-06,25612,775372800,8.4094
2026-02-27T03:50:49.979626,31600,1.458757,4.30,9.838404e-06,25616,776601600,8.4215
2026-02-27T03:51:33.722289,31650,1.466556,4.33,9.783110e-06,25619,777830400,8.4337
2026-02-27T03:52:17.448789,31700,1.489130,4.43,9.728095e-06,25623,779059200,8.4458
2026-02-27T03:53:01.171543,31750,1.500796,4.49,9.673362e-06,25626,780288000,8.4580
2026-02-27T03:53:44.861884,31800,1.489639,4.44,9.618910e-06,25630,781516800,8.4701
2026-02-27T03:54:28.630917,31850,1.490762,4.44,9.564742e-06,25633,782745600,8.4823
2026-02-27T03:55:12.381240,31900,1.473152,4.36,9.510856e-06,25637,783974400,8.4944
2026-02-27T03:55:56.063463,31950,1.420329,4.14,9.457256e-06,25640,785203200,8.5065
2026-02-27T03:56:39.757873,32000,1.417025,4.12,9.403941e-06,25644,786432000,8.5187
2026-02-27T03:57:34.410305,32050,1.466624,4.33,9.350912e-06,25638,787660800,8.5339
2026-02-27T03:58:18.207769,32100,1.525827,4.60,9.298170e-06,25642,788889600,8.5460
2026-02-27T03:59:02.658751,32150,1.519521,4.57,9.245715e-06,25645,790118400,8.5584
2026-02-27T03:59:46.399457,32200,1.465804,4.33,9.193550e-06,25648,791347200,8.5705
2026-02-27T04:00:30.100954,32250,1.469702,4.35,9.141674e-06,25652,792576000,8.5827
2026-02-27T04:01:13.796491,32300,1.481946,4.40,9.090088e-06,25655,793804800,8.5948
2026-02-27T04:01:57.538040,32350,1.486308,4.42,9.038793e-06,25659,795033600,8.6070
2026-02-27T04:02:41.232796,32400,1.472020,4.36,8.987791e-06,25662,796262400,8.6191
2026-02-27T04:03:24.916978,32450,1.438133,4.21,8.937081e-06,25666,797491200,8.6312
2026-02-27T04:04:08.679065,32500,1.468322,4.34,8.886665e-06,25669,798720000,8.6434
2026-02-27T04:04:52.455252,32550,1.492047,4.45,8.836543e-06,25672,799948800,8.6555
2026-02-27T04:05:36.148806,32600,1.481213,4.40,8.786716e-06,25676,801177600,8.6677
2026-02-27T04:06:19.880509,32650,1.458089,4.30,8.737185e-06,25679,802406400,8.6798
2026-02-27T04:07:03.552870,32700,1.459555,4.30,8.687951e-06,25683,803635200,8.6920
2026-02-27T04:07:47.312629,32750,1.536856,4.65,8.639014e-06,25686,804864000,8.7041
2026-02-27T04:08:30.935259,32800,1.544526,4.69,8.590376e-06,25689,806092800,8.7162
2026-02-27T04:09:14.627027,32850,1.478901,4.39,8.542036e-06,25693,807321600,8.7284
2026-02-27T04:09:58.339614,32900,1.488617,4.43,8.493997e-06,25696,808550400,8.7405
2026-02-27T04:10:42.801258,32950,1.486485,4.42,8.446258e-06,25699,809779200,8.7529
2026-02-27T04:11:26.493266,33000,1.450623,4.27,8.398820e-06,25702,811008000,8.7650
2026-02-27T04:12:24.038310,33050,1.453627,4.28,8.351684e-06,25694,812236800,8.7810
2026-02-27T04:13:07.805648,33100,1.437982,4.21,8.304852e-06,25698,813465600,8.7931
2026-02-27T04:13:51.557684,33150,1.427606,4.17,8.258322e-06,25701,814694400,8.8053
2026-02-27T04:14:35.343082,33200,1.441704,4.23,8.212097e-06,25704,815923200,8.8175
2026-02-27T04:15:18.836318,33250,1.460934,4.31,8.166177e-06,25708,817152000,8.8295
2026-02-27T04:16:02.539690,33300,1.467593,4.34,8.120563e-06,25711,818380800,8.8417
2026-02-27T04:16:46.221833,33350,1.443710,4.24,8.075256e-06,25714,819609600,8.8538
2026-02-27T04:17:29.900039,33400,1.452088,4.27,8.030255e-06,25718,820838400,8.8659
2026-02-27T04:18:13.603338,33450,1.448814,4.26,7.985562e-06,25721,822067200,8.8781
2026-02-27T04:18:57.295779,33500,1.446950,4.25,7.941178e-06,25724,823296000,8.8902
2026-02-27T04:19:40.991051,33550,1.451623,4.27,7.897104e-06,25727,824524800,8.9024
2026-02-27T04:20:24.741672,33600,1.464526,4.33,7.853339e-06,25731,825753600,8.9145
2026-02-27T04:21:08.402988,33650,1.460875,4.31,7.809885e-06,25734,826982400,8.9266
2026-02-27T04:21:52.074020,33700,1.464563,4.33,7.766742e-06,25737,828211200,8.9388
2026-02-27T04:22:35.748321,33750,1.462993,4.32,7.723912e-06,25740,829440000,8.9509
2026-02-27T04:23:20.124830,33800,1.446570,4.25,7.681394e-06,25743,830668800,8.9632
2026-02-27T04:24:03.817708,33850,1.448379,4.26,7.639189e-06,25746,831897600,8.9754
2026-02-27T04:24:47.449923,33900,1.422824,4.15,7.597299e-06,25750,833126400,8.9875
2026-02-27T04:25:31.135166,33950,1.445512,4.24,7.555723e-06,25753,834355200,8.9996
2026-02-27T04:26:14.826834,34000,1.445471,4.24,7.514463e-06,25756,835584000,9.0118
2026-02-27T04:27:09.846186,34050,1.454400,4.28,7.473519e-06,25750,836812800,9.0270
2026-02-27T04:27:53.659548,34100,1.515054,4.55,7.432892e-06,25753,838041600,9.0392
2026-02-27T04:28:37.453941,34150,1.472437,4.36,7.392581e-06,25756,839270400,9.0514
2026-02-27T04:29:21.137560,34200,1.416765,4.12,7.352589e-06,25760,840499200,9.0635
2026-02-27T04:30:04.809315,34250,1.427257,4.17,7.312916e-06,25763,841728000,9.0756
2026-02-27T04:30:48.471217,34300,1.440219,4.22,7.273562e-06,25766,842956800,9.0878
2026-02-27T04:31:32.086157,34350,1.463663,4.32,7.234527e-06,25769,844185600,9.0999
2026-02-27T04:32:15.720207,34400,1.475803,4.37,7.195813e-06,25772,845414400,9.1120
2026-02-27T04:32:59.420105,34450,1.456761,4.29,7.157420e-06,25775,846643200,9.1241
2026-02-27T04:33:43.073251,34500,1.431326,4.18,7.119349e-06,25779,847872000,9.1363
2026-02-27T04:34:26.714273,34550,1.394558,4.03,7.081600e-06,25782,849100800,9.1484
2026-02-27T04:35:10.416826,34600,1.417225,4.13,7.044175e-06,25785,850329600,9.1605
2026-02-27T04:35:54.058594,34650,1.447422,4.25,7.007072e-06,25788,851558400,9.1727
2026-02-27T04:36:37.668225,34700,1.465744,4.33,6.970294e-06,25791,852787200,9.1848
2026-02-27T04:37:21.364751,34750,1.513849,4.54,6.933840e-06,25794,854016000,9.1969
2026-02-27T04:38:05.020091,34800,1.477520,4.38,6.897712e-06,25797,855244800,9.2090
2026-02-27T04:38:48.673804,34850,1.442312,4.23,6.861909e-06,25800,856473600,9.2212
2026-02-27T04:39:32.275788,34900,1.475887,4.37,6.826433e-06,25803,857702400,9.2333
2026-02-27T04:40:15.888456,34950,1.460888,4.31,6.791283e-06,25807,858931200,9.2454
2026-02-27T04:40:59.621349,35000,1.448657,4.26,6.756461e-06,25810,860160000,9.2575
2026-02-27T04:42:32.505608,35050,1.534015,4.64,6.721968e-06,25775,861388800,9.2833
2026-02-27T04:43:16.142496,35100,1.537147,4.65,6.687802e-06,25778,862617600,9.2955
2026-02-27T04:43:59.793349,35150,1.475288,4.37,6.653966e-06,25781,863846400,9.3076
2026-02-27T04:44:43.467922,35200,1.474939,4.37,6.620460e-06,25784,865075200,9.3197
2026-02-27T04:45:27.136568,35250,1.455914,4.29,6.587283e-06,25787,866304000,9.3318
2026-02-27T04:46:10.814309,35300,1.426867,4.17,6.554438e-06,25790,867532800,9.3440
2026-02-27T04:46:54.480982,35350,1.465117,4.33,6.521924e-06,25793,868761600,9.3561
2026-02-27T04:47:38.879389,35400,1.451485,4.27,6.489741e-06,25796,869990400,9.3684
2026-02-27T04:48:22.569330,35450,1.422963,4.15,6.457891e-06,25799,871219200,9.3806
2026-02-27T04:49:06.223143,35500,1.464267,4.32,6.426373e-06,25802,872448000,9.3927
2026-02-27T04:49:49.912607,35550,1.467037,4.34,6.395189e-06,25805,873676800,9.4048
2026-02-27T04:50:33.548499,35600,1.489559,4.44,6.364338e-06,25808,874905600,9.4170
2026-02-27T04:51:17.182675,35650,1.485545,4.42,6.333822e-06,25811,876134400,9.4291
2026-02-27T04:52:00.870795,35700,1.467381,4.34,6.303641e-06,25814,877363200,9.4412
2026-02-27T04:52:44.520820,35750,1.485210,4.42,6.273794e-06,25817,878592000,9.4533
2026-02-27T04:53:28.133117,35800,1.498748,4.48,6.244284e-06,25820,879820800,9.4655
2026-02-27T04:54:11.833479,35850,1.491507,4.44,6.215109e-06,25823,881049600,9.4776
2026-02-27T04:54:55.494622,35900,1.485467,4.42,6.186271e-06,25826,882278400,9.4897
2026-02-27T04:55:39.099084,35950,1.450172,4.26,6.157770e-06,25829,883507200,9.5018
2026-02-27T04:56:22.750317,36000,1.421873,4.14,6.129607e-06,25832,884736000,9.5140
2026-02-27T04:57:19.237987,36050,1.437146,4.21,6.101781e-06,25825,885964800,9.5297
2026-02-27T04:58:02.953873,36100,1.430276,4.18,6.074294e-06,25828,887193600,9.5418
2026-02-27T04:58:46.681094,36150,1.457037,4.29,6.047146e-06,25831,888422400,9.5539
2026-02-27T04:59:30.355852,36200,1.442117,4.23,6.020337e-06,25834,889651200,9.5661
2026-02-27T05:00:14.734294,36250,1.436670,4.21,5.993868e-06,25836,890880000,9.5784
2026-02-27T05:00:58.403328,36300,1.474744,4.37,5.967739e-06,25839,892108800,9.5905
2026-02-27T05:01:42.069602,36350,1.462127,4.32,5.941950e-06,25842,893337600,9.6027
2026-02-27T05:02:25.798945,36400,1.473610,4.36,5.916503e-06,25845,894566400,9.6148
2026-02-27T05:03:09.422873,36450,1.467102,4.34,5.891396e-06,25848,895795200,9.6269
2026-02-27T05:03:53.179133,36500,1.447084,4.25,5.866631e-06,25850,897024000,9.6391
2026-02-27T05:04:36.852969,36550,1.477638,4.38,5.842209e-06,25853,898252800,9.6512
2026-02-27T05:05:20.502337,36600,1.462141,4.32,5.818129e-06,25856,899481600,9.6633
2026-02-27T05:06:04.105073,36650,1.479619,4.39,5.794392e-06,25859,900710400,9.6755
2026-02-27T05:06:47.812249,36700,1.477489,4.38,5.770998e-06,25862,901939200,9.6876
2026-02-27T05:07:31.430675,36750,1.457732,4.30,5.747947e-06,25865,903168000,9.6997
2026-02-27T05:08:15.085984,36800,1.514367,4.55,5.725241e-06,25868,904396800,9.7118
2026-02-27T05:08:58.794500,36850,1.495557,4.46,5.702879e-06,25870,905625600,9.7240
2026-02-27T05:09:42.469914,36900,1.462176,4.32,5.680862e-06,25873,906854400,9.7361
2026-02-27T05:10:26.128127,36950,1.488250,4.43,5.659190e-06,25876,908083200,9.7482
2026-02-27T05:11:09.764094,37000,1.476775,4.38,5.637863e-06,25879,909312000,9.7604
2026-02-27T05:12:05.565220,37050,1.458460,4.30,5.616882e-06,25873,910540800,9.7759
2026-02-27T05:12:49.383918,37100,1.489245,4.43,5.596247e-06,25875,911769600,9.7880
2026-02-27T05:13:32.892908,37150,1.506126,4.51,5.575958e-06,25878,912998400,9.8001
2026-02-27T05:14:16.583146,37200,1.487545,4.43,5.556016e-06,25881,914227200,9.8122
2026-02-27T05:15:00.307158,37250,1.508397,4.52,5.536421e-06,25884,915456000,9.8244
2026-02-27T05:15:44.005676,37300,1.497302,4.47,5.517174e-06,25887,916684800,9.8365
2026-02-27T05:16:27.675309,37350,1.437001,4.21,5.498274e-06,25889,917913600,9.8487
2026-02-27T05:17:11.382870,37400,1.445205,4.24,5.479722e-06,25892,919142400,9.8608
2026-02-27T05:17:55.083201,37450,1.464172,4.32,5.461518e-06,25895,920371200,9.8729
2026-02-27T05:18:38.742008,37500,1.491201,4.44,5.443663e-06,25898,921600000,9.8851
2026-02-27T05:19:22.438070,37550,1.483901,4.41,5.426156e-06,25900,922828800,9.8972
2026-02-27T05:20:06.116215,37600,1.457275,4.29,5.408999e-06,25903,924057600,9.9093
2026-02-27T05:20:49.782556,37650,1.457865,4.30,5.392191e-06,25906,925286400,9.9215
2026-02-27T05:21:33.445896,37700,1.439372,4.22,5.375733e-06,25909,926515200,9.9336
2026-02-27T05:22:17.118143,37750,1.424561,4.16,5.359624e-06,25911,927744000,9.9457
2026-02-27T05:23:00.831043,37800,1.453165,4.28,5.343866e-06,25914,928972800,9.9579
2026-02-27T05:23:44.475800,37850,1.500220,4.48,5.328458e-06,25917,930201600,9.9700
2026-02-27T05:24:28.959757,37900,1.491508,4.44,5.313400e-06,25919,931430400,9.9824
2026-02-27T05:25:12.649085,37950,1.468183,4.34,5.298694e-06,25921,932659200,9.9945
2026-02-27T05:25:56.336346,38000,1.457897,4.30,5.284338e-06,25924,933888000,10.0066
2026-02-27T05:26:53.369688,38050,1.471915,4.36,5.270334e-06,25917,935116800,10.0225
2026-02-27T05:27:37.183239,38100,1.480166,4.39,5.256682e-06,25920,936345600,10.0346
2026-02-27T05:28:20.966233,38150,1.456700,4.29,5.243381e-06,25922,937574400,10.0468
2026-02-27T05:29:04.752180,38200,1.478321,4.39,5.230432e-06,25925,938803200,10.0590
2026-02-27T05:29:48.527794,38250,1.498363,4.47,5.217835e-06,25928,940032000,10.0711
2026-02-27T05:30:32.219013,38300,1.484799,4.41,5.205591e-06,25930,941260800,10.0833
2026-02-27T05:31:15.930522,38350,1.483393,4.41,5.193699e-06,25933,942489600,10.0954
2026-02-27T05:31:59.662381,38400,1.474997,4.37,5.182160e-06,25935,943718400,10.1075
2026-02-27T05:32:43.457986,38450,1.460809,4.31,5.170974e-06,25938,944947200,10.1197
2026-02-27T05:33:27.139283,38500,1.442149,4.23,5.160141e-06,25941,946176000,10.1318
2026-02-27T05:34:10.923538,38550,1.443105,4.23,5.149662e-06,25943,947404800,10.1440
2026-02-27T05:34:54.623204,38600,1.425769,4.16,5.139536e-06,25946,948633600,10.1561
2026-02-27T05:35:38.311324,38650,1.437236,4.21,5.129763e-06,25948,949862400,10.1683
2026-02-27T05:36:22.567579,38700,1.499356,4.48,5.120344e-06,25951,951091200,10.1806
2026-02-27T05:37:06.307403,38750,1.526505,4.60,5.111279e-06,25953,952320000,10.1927
2026-02-27T05:37:49.986424,38800,1.487044,4.42,5.102568e-06,25956,953548800,10.2049
2026-02-27T05:38:33.713513,38850,1.475447,4.37,5.094212e-06,25958,954777600,10.2170
2026-02-27T05:39:17.390667,38900,1.464382,4.32,5.086210e-06,25961,956006400,10.2291
2026-02-27T05:40:01.096406,38950,1.452107,4.27,5.078562e-06,25963,957235200,10.2413
2026-02-27T05:40:44.813575,39000,1.494959,4.46,5.071268e-06,25966,958464000,10.2534
2026-02-27T05:41:41.614879,39050,1.475316,4.37,5.064330e-06,25959,959692800,10.2692
2026-02-27T05:42:25.367596,39100,1.456931,4.29,5.057746e-06,25962,960921600,10.2814
2026-02-27T05:43:09.075077,39150,1.521212,4.58,5.051517e-06,25964,962150400,10.2935
2026-02-27T05:43:52.736732,39200,1.516695,4.56,5.045643e-06,25967,963379200,10.3056
2026-02-27T05:44:36.381674,39250,1.449840,4.26,5.040124e-06,25969,964608000,10.3177
2026-02-27T05:45:20.008962,39300,1.460196,4.31,5.034961e-06,25972,965836800,10.3299
2026-02-27T05:46:03.655553,39350,1.470512,4.35,5.030152e-06,25975,967065600,10.3420
2026-02-27T05:46:47.401625,39400,1.480899,4.40,5.025699e-06,25977,968294400,10.3541
2026-02-27T05:47:31.026862,39450,1.539681,4.66,5.021602e-06,25980,969523200,10.3663
2026-02-27T05:48:14.874656,39500,1.503976,4.50,5.017860e-06,25982,970752000,10.3784
2026-02-27T05:48:58.764664,39550,1.463824,4.32,5.014473e-06,25984,971980800,10.3906
2026-02-27T05:49:42.682155,39600,1.487337,4.43,5.011442e-06,25987,973209600,10.4028
2026-02-27T05:50:26.614605,39650,1.495600,4.46,5.008767e-06,25989,974438400,10.4150
2026-02-27T05:51:10.534520,39700,1.471372,4.36,5.006447e-06,25991,975667200,10.4272
2026-02-27T05:51:54.461538,39750,1.433580,4.19,5.004483e-06,25994,976896000,10.4394
2026-02-27T05:52:38.334349,39800,1.424800,4.16,5.002875e-06,25996,978124800,10.4516
2026-02-27T05:53:22.188282,39850,1.433735,4.19,5.001623e-06,25998,979353600,10.4638
2026-02-27T05:54:06.100152,39900,1.444094,4.24,5.000726e-06,26001,980582400,10.4760
2026-02-27T05:54:50.046576,39950,1.489730,4.44,5.000185e-06,26003,981811200,10.4882
2026-02-27T05:55:33.883041,40000,1.531132,4.62,5.000000e-06,26005,983040000,10.5004
