timestamp,step,epoch,loss,chosen_reward,rejected_reward,accuracy,learning_rate,elapsed_hours
2026-02-27T09:44:04.819422,10,1,0.692700,0.0164,0.0082,0.7500,5.000000e-08,0.0025
2026-02-27T09:44:13.586944,20,1,0.693193,0.0216,0.0413,0.2500,1.000000e-07,0.0050
2026-02-27T09:44:22.415151,30,1,0.695069,0.0292,0.0789,0.0000,1.500000e-07,0.0074
2026-02-27T09:44:31.165883,40,1,0.692247,0.0868,-0.0388,0.7500,2.000000e-07,0.0099
2026-02-27T09:44:40.002633,50,1,0.690624,0.1662,0.1250,0.5000,2.500000e-07,0.0123
2026-02-27T09:44:48.764671,60,1,0.688484,0.2849,0.4655,0.0000,3.000000e-07,0.0148
2026-02-27T09:44:57.623384,70,1,0.688020,0.3141,0.1289,0.7500,3.500000e-07,0.0172
2026-02-27T09:45:06.434078,80,1,0.684048,0.2036,0.1475,0.7500,4.000000e-07,0.0197
2026-02-27T09:45:15.225576,90,1,0.680748,0.3066,0.1411,1.0000,4.500000e-07,0.0221
2026-02-27T09:45:24.090435,100,1,0.680890,0.8793,0.5316,0.7500,5.000000e-07,0.0246
2026-02-27T09:45:32.706099,110,1,0.688705,0.8231,0.9376,0.2500,4.999970e-07,0.0270
2026-02-27T09:45:41.357061,120,1,0.683799,0.2001,0.1957,0.5000,4.999868e-07,0.0294
2026-02-27T09:45:49.924102,130,1,0.679728,1.0133,0.4202,1.0000,4.999692e-07,0.0317
2026-02-27T09:45:58.588780,140,1,0.687149,0.7215,0.4188,0.7500,4.999443e-07,0.0342
2026-02-27T09:46:07.164011,150,1,0.686780,1.3794,0.9467,0.5000,4.999120e-07,0.0365
2026-02-27T09:46:15.828819,160,1,0.672222,0.8511,0.3628,1.0000,4.998724e-07,0.0389
2026-02-27T09:46:24.411833,170,1,0.659163,0.7135,0.5544,0.7500,4.998255e-07,0.0413
2026-02-27T09:46:33.091045,180,1,0.664066,1.5949,0.9187,1.0000,4.997713e-07,0.0437
2026-02-27T09:46:41.676935,190,1,0.664945,0.9799,1.2803,0.5000,4.997097e-07,0.0461
2026-02-27T09:46:50.354600,200,1,0.676132,0.4697,0.7177,0.7500,4.996409e-07,0.0485
2026-02-27T09:47:07.984901,210,1,0.679567,0.8389,0.4826,0.7500,4.995647e-07,0.0534
2026-02-27T09:47:16.567074,220,1,0.690989,0.8607,0.5942,0.7500,4.994812e-07,0.0558
2026-02-27T09:47:25.239015,230,1,0.692461,0.1727,0.3199,0.5000,4.993904e-07,0.0582
2026-02-27T09:47:33.828489,240,1,0.674866,0.8580,0.4003,0.7500,4.992922e-07,0.0606
2026-02-27T09:47:42.503615,250,1,0.662318,0.0118,0.0395,0.5000,4.991868e-07,0.0630
2026-02-27T09:47:51.093490,260,1,0.664918,0.3193,0.7336,0.0000,4.990740e-07,0.0654
2026-02-27T09:47:59.775407,270,1,0.678935,0.9702,0.4795,0.7500,4.989540e-07,0.0678
2026-02-27T09:48:08.376061,280,1,0.661100,0.4874,0.3585,0.2500,4.988267e-07,0.0702
2026-02-27T09:48:17.067000,290,1,0.668963,0.9699,0.9366,0.5000,4.986920e-07,0.0726
2026-02-27T09:48:25.667239,300,1,0.660382,0.5483,0.7671,0.2500,4.985501e-07,0.0750
2026-02-27T09:48:34.359018,310,1,0.675006,0.5707,0.7242,0.2500,4.984009e-07,0.0774
2026-02-27T09:48:42.962372,320,1,0.672083,0.8234,0.6539,0.7500,4.982444e-07,0.0798
2026-02-27T09:48:51.652521,330,1,0.667095,1.1701,0.2825,0.7500,4.980807e-07,0.0822
2026-02-27T09:49:00.249117,340,1,0.678057,0.5231,0.6500,0.5000,4.979097e-07,0.0846
2026-02-27T09:49:08.936511,350,1,0.696140,0.8842,0.9882,0.5000,4.977314e-07,0.0870
2026-02-27T09:49:17.545876,360,1,0.692399,0.5476,0.5510,0.2500,4.975458e-07,0.0894
2026-02-27T09:49:26.159186,370,1,0.688970,0.8619,1.2575,0.5000,4.973530e-07,0.0918
2026-02-27T09:49:34.865321,380,1,0.701840,0.6643,0.8571,0.5000,4.971530e-07,0.0942
2026-02-27T09:49:43.468655,390,1,0.691436,0.7811,0.8214,0.5000,4.969457e-07,0.0966
2026-02-27T09:49:52.169221,400,1,0.672682,0.6210,0.3472,0.7500,4.967312e-07,0.0990
2026-02-27T09:50:06.818922,410,1,0.655832,0.7188,0.5648,0.5000,4.965095e-07,0.1031
2026-02-27T09:50:15.722087,420,1,0.649011,0.7029,0.5222,0.5000,4.962806e-07,0.1056
2026-02-27T09:50:24.371714,430,1,0.652024,0.9063,0.8772,0.5000,4.960444e-07,0.1080
2026-02-27T09:50:33.035412,440,1,0.635454,1.4848,0.4757,1.0000,4.958011e-07,0.1104
2026-02-27T09:50:41.619795,450,1,0.655924,0.9585,0.6774,0.7500,4.955505e-07,0.1128
2026-02-27T09:50:50.332184,460,1,0.652892,0.8949,0.7844,0.2500,4.952928e-07,0.1152
2026-02-27T09:50:59.019904,470,1,0.644274,0.9655,0.3379,1.0000,4.950279e-07,0.1176
2026-02-27T09:51:07.802699,480,1,0.645918,1.3161,1.1499,0.7500,4.947558e-07,0.1200
2026-02-27T09:51:16.465802,490,1,0.660892,0.9552,1.0204,0.7500,4.944766e-07,0.1224
2026-02-27T09:51:25.112582,500,1,0.675656,0.4561,0.5115,0.5000,4.941902e-07,0.1249
2026-02-27T09:52:25.353920,510,1,0.671452,0.2957,0.1754,0.5000,4.938966e-07,0.1416
2026-02-27T09:52:34.015028,520,1,0.684499,0.2433,0.7313,0.5000,4.935960e-07,0.1440
2026-02-27T09:52:42.585620,530,1,0.672834,0.3412,0.0643,0.5000,4.932882e-07,0.1464
2026-02-27T09:52:51.155736,540,1,0.670499,0.7583,0.9257,0.5000,4.929733e-07,0.1488
2026-02-27T09:52:59.844239,550,1,0.636086,0.6107,0.5618,0.7500,4.926513e-07,0.1512
2026-02-27T09:53:08.454004,560,1,0.648453,0.8498,0.7900,0.7500,4.923222e-07,0.1536
2026-02-27T09:53:17.158572,570,1,0.648219,0.5319,0.1381,0.7500,4.919861e-07,0.1560
2026-02-27T09:53:25.781503,580,1,0.651070,0.5530,0.3970,0.7500,4.916428e-07,0.1584
2026-02-27T09:53:34.501087,590,1,0.653279,0.9981,0.9209,0.2500,4.912925e-07,0.1608
2026-02-27T09:53:43.123198,600,1,0.647069,1.1351,1.1359,0.5000,4.909352e-07,0.1632
2026-02-27T09:54:01.891737,610,1,0.658862,0.8127,0.5858,0.5000,4.905708e-07,0.1684
2026-02-27T09:54:10.569898,620,1,0.651852,0.2159,0.1319,0.5000,4.901994e-07,0.1708
2026-02-27T09:54:19.186486,630,1,0.657968,0.8021,0.4673,0.5000,4.898210e-07,0.1732
2026-02-27T09:54:27.882606,640,1,0.655217,0.3231,0.4800,0.2500,4.894356e-07,0.1756
2026-02-27T09:54:36.501637,650,1,0.665213,1.2859,1.1064,0.5000,4.890432e-07,0.1780
2026-02-27T09:54:45.219581,660,1,0.642478,0.5901,0.2255,0.7500,4.886438e-07,0.1804
2026-02-27T09:54:53.851634,670,1,0.631255,0.9664,0.8951,0.5000,4.882375e-07,0.1828
2026-02-27T09:55:02.591776,680,1,0.626426,0.2180,0.7792,0.0000,4.878242e-07,0.1853
2026-02-27T09:55:11.234363,690,1,0.638705,1.0182,0.7799,0.5000,4.874040e-07,0.1877
2026-02-27T09:55:19.960349,700,1,0.645095,1.7618,1.5543,0.5000,4.869769e-07,0.1901
2026-02-27T09:55:28.595809,710,1,0.669534,0.7728,0.6946,0.7500,4.865429e-07,0.1925
2026-02-27T09:55:37.309188,720,1,0.688681,2.2571,0.6837,1.0000,4.861019e-07,0.1949
2026-02-27T09:55:45.931301,730,1,0.698653,1.4794,0.4928,0.7500,4.856541e-07,0.1973
2026-02-27T09:55:54.547212,740,1,0.692663,0.9360,0.5411,1.0000,4.851995e-07,0.1997
2026-02-27T09:56:03.238354,750,1,0.697934,0.0342,-0.0731,0.7500,4.847380e-07,0.2021
2026-02-27T09:56:11.853975,760,1,0.669415,0.4403,0.6321,0.2500,4.842696e-07,0.2045
2026-02-27T09:56:20.550964,770,1,0.669434,0.3306,0.0905,0.5000,4.837944e-07,0.2069
2026-02-27T09:56:29.153807,780,1,0.668531,0.4532,0.0267,1.0000,4.833125e-07,0.2093
2026-02-27T09:56:37.844788,790,1,0.664989,0.4609,0.5195,0.2500,4.828237e-07,0.2117
2026-02-27T09:56:46.449953,800,1,0.648625,0.3762,0.0870,0.5000,4.823282e-07,0.2141
2026-02-27T09:57:03.777179,810,1,0.650050,0.9189,0.7874,0.5000,4.818259e-07,0.2189
2026-02-27T09:57:12.362900,820,1,0.644192,0.7681,0.2216,0.7500,4.813169e-07,0.2213
2026-02-27T09:57:21.040238,830,1,0.646583,1.1518,0.7173,0.7500,4.808011e-07,0.2237
2026-02-27T09:57:29.630456,840,1,0.640018,0.0753,-0.1859,0.5000,4.802787e-07,0.2261
2026-02-27T09:57:38.331159,850,1,0.643114,0.5820,0.7177,0.5000,4.797496e-07,0.2285
2026-02-27T09:57:46.955229,860,1,0.635826,1.3889,0.7289,0.5000,4.792138e-07,0.2309
2026-02-27T09:57:55.667197,870,1,0.658444,0.4813,0.3836,0.5000,4.786713e-07,0.2333
2026-02-27T09:58:04.295152,880,1,0.651152,1.6325,1.0662,0.5000,4.781222e-07,0.2357
2026-02-27T09:58:12.929321,890,1,0.649206,0.6395,0.3325,0.5000,4.775665e-07,0.2381
2026-02-27T09:58:21.653194,900,1,0.650634,0.9508,0.4497,1.0000,4.770042e-07,0.2406
2026-02-27T09:58:30.296414,910,1,0.678674,0.3919,0.8611,0.2500,4.764353e-07,0.2430
2026-02-27T09:58:39.026486,920,1,0.651862,0.5077,0.2912,0.5000,4.758599e-07,0.2454
2026-02-27T09:58:47.662413,930,1,0.655846,0.8477,1.2130,0.5000,4.752779e-07,0.2478
2026-02-27T09:58:56.387694,940,1,0.680607,0.8702,1.0989,0.7500,4.746893e-07,0.2502
2026-02-27T09:59:05.021447,950,1,0.711996,0.6725,1.6579,0.2500,4.740943e-07,0.2526
2026-02-27T09:59:13.740856,960,1,0.695885,0.3750,1.2679,0.2500,4.734928e-07,0.2550
2026-02-27T09:59:22.373381,970,1,0.705063,0.4337,0.1573,0.5000,4.728848e-07,0.2574
2026-02-27T09:59:31.083899,980,1,0.700588,0.2516,0.2392,0.7500,4.722704e-07,0.2598
2026-02-27T09:59:39.703937,990,1,0.716764,0.9208,0.6331,1.0000,4.716495e-07,0.2622
2026-02-27T09:59:48.418752,1000,1,0.682801,0.8559,0.5311,0.7500,4.710223e-07,0.2647
2026-02-27T10:00:58.328623,1010,1,0.682176,0.0311,0.0921,0.5000,4.703886e-07,0.2841
2026-02-27T10:01:06.980886,1020,1,0.679133,1.3608,0.7077,1.0000,4.697486e-07,0.2865
2026-02-27T10:01:15.561977,1030,1,0.673807,0.5411,0.3600,0.7500,4.691022e-07,0.2889
2026-02-27T10:01:24.147421,1040,1,0.636649,0.2677,0.8050,0.2500,4.684496e-07,0.2913
2026-02-27T10:01:32.845572,1050,1,0.633162,0.5450,0.9498,0.0000,4.677906e-07,0.2937
2026-02-27T10:01:41.473552,1060,1,0.645334,0.9739,1.4121,0.5000,4.671253e-07,0.2961
2026-02-27T10:01:50.169202,1070,1,0.670183,0.6922,0.4610,0.7500,4.664538e-07,0.2985
2026-02-27T10:01:58.798950,1080,1,0.674930,0.5915,0.2996,0.7500,4.657760e-07,0.3009
2026-02-27T10:02:07.519818,1090,1,0.702616,1.1822,0.7295,0.7500,4.650921e-07,0.3033
2026-02-27T10:02:16.151012,1100,1,0.696366,0.5639,0.0583,0.7500,4.644019e-07,0.3057
2026-02-27T10:02:24.877663,1110,1,0.679069,0.6770,0.4399,0.7500,4.637055e-07,0.3081
2026-02-27T10:02:33.520164,1120,1,0.670413,1.2039,0.0908,1.0000,4.630031e-07,0.3105
2026-02-27T10:02:42.250933,1130,1,0.661587,1.1080,0.5899,0.5000,4.622944e-07,0.3129
2026-02-27T10:02:50.889378,1140,1,0.650276,0.6238,0.7607,0.5000,4.615797e-07,0.3153
2026-02-27T10:02:59.607755,1150,1,0.667538,0.2623,0.5242,0.5000,4.608589e-07,0.3178
2026-02-27T10:03:08.218317,1160,1,0.686470,1.0423,0.4555,1.0000,4.601321e-07,0.3202
2026-02-27T10:03:16.833699,1170,1,0.687770,1.3497,0.8256,1.0000,4.593992e-07,0.3226
2026-02-27T10:03:25.532685,1180,1,0.688295,0.8808,0.4230,1.0000,4.586603e-07,0.3250
2026-02-27T10:03:34.134615,1190,1,0.688092,1.2971,0.7899,1.0000,4.579154e-07,0.3274
2026-02-27T10:03:42.824803,1200,1,0.680639,0.8996,1.1620,0.2500,4.571646e-07,0.3298
2026-02-27T10:04:00.279193,1210,1,0.682914,1.0725,0.4708,0.5000,4.564078e-07,0.3346
2026-02-27T10:04:08.956657,1220,1,0.675492,1.0820,1.4672,0.2500,4.556452e-07,0.3370
2026-02-27T10:04:17.551268,1230,1,0.693647,1.2882,1.3021,0.5000,4.548766e-07,0.3394
2026-02-27T10:04:26.250343,1240,1,0.690514,0.4069,0.3926,0.5000,4.541022e-07,0.3418
2026-02-27T10:04:34.865586,1250,1,0.710367,1.1123,0.7291,1.0000,4.533219e-07,0.3442
2026-02-27T10:04:43.577398,1260,1,0.679698,1.0569,0.2714,1.0000,4.525359e-07,0.3466
2026-02-27T10:04:52.212299,1270,1,0.673342,1.1347,1.1479,0.2500,4.517440e-07,0.3490
2026-02-27T10:05:00.929240,1280,1,0.665211,0.8254,0.2504,1.0000,4.509464e-07,0.3515
2026-02-27T10:05:09.567524,1290,1,0.680103,1.6793,0.9104,0.5000,4.501431e-07,0.3539
2026-02-27T10:05:18.204163,1300,1,0.658651,0.9205,0.6965,0.7500,4.493340e-07,0.3563
2026-02-27T10:05:26.924866,1310,1,0.668968,1.5932,0.2451,0.7500,4.485193e-07,0.3587
2026-02-27T10:05:35.563714,1320,1,0.672928,1.1622,1.1252,0.2500,4.476989e-07,0.3611
2026-02-27T10:05:44.284221,1330,1,0.690107,1.3816,0.6142,0.7500,4.468729e-07,0.3635
2026-02-27T10:05:52.916713,1340,1,0.683798,1.1721,1.6753,0.2500,4.460413e-07,0.3659
2026-02-27T10:06:01.627136,1350,1,0.673652,1.7301,0.9589,1.0000,4.452041e-07,0.3683
2026-02-27T10:06:10.237775,1360,1,0.666572,1.1945,0.6788,1.0000,4.443614e-07,0.3707
2026-02-27T10:06:18.936494,1370,1,0.657000,1.2728,1.6721,0.2500,4.435131e-07,0.3731
2026-02-27T10:06:27.550094,1380,1,0.647172,-0.0413,0.1109,0.5000,4.426594e-07,0.3755
2026-02-27T10:06:36.233224,1390,1,0.634289,0.4638,0.3934,0.7500,4.418002e-07,0.3779
2026-02-27T10:06:44.853258,1400,1,0.644493,0.9842,0.1467,1.0000,4.409356e-07,0.3803
2026-02-27T10:07:00.279413,1410,1,0.650885,1.0012,0.3935,0.5000,4.400656e-07,0.3846
2026-02-27T10:07:08.872447,1420,1,0.686070,0.9302,0.8707,0.5000,4.391901e-07,0.3870
2026-02-27T10:07:17.552681,1430,1,0.679620,0.8370,0.6085,0.7500,4.383094e-07,0.3894
2026-02-27T10:07:26.159065,1440,1,0.671603,1.0000,0.7404,0.7500,4.374233e-07,0.3918
2026-02-27T10:07:34.781229,1450,1,0.680583,0.8103,1.1852,0.5000,4.365319e-07,0.3942
2026-02-27T10:07:43.501048,1460,1,0.680458,1.6350,0.0929,1.0000,4.356353e-07,0.3966
2026-02-27T10:07:52.144172,1470,1,0.633219,1.1466,0.5388,0.7500,4.347334e-07,0.3990
2026-02-27T10:08:00.868039,1480,1,0.657108,0.9602,1.0677,0.7500,4.338264e-07,0.4015
2026-02-27T10:08:09.509069,1490,1,0.662770,1.3123,0.8263,0.7500,4.329141e-07,0.4039
2026-02-27T10:08:18.241589,1500,1,0.647198,1.7445,1.0415,0.7500,4.319967e-07,0.4063
2026-02-27T10:09:21.388243,1510,1,0.642658,1.7638,0.4107,1.0000,4.310742e-07,0.4238
2026-02-27T10:09:30.046622,1520,1,0.652749,0.8874,0.7913,0.5000,4.301466e-07,0.4262
2026-02-27T10:09:38.617058,1530,1,0.627127,0.3534,0.7028,0.5000,4.292140e-07,0.4286
2026-02-27T10:09:47.292025,1540,1,0.610514,0.7060,0.0605,0.7500,4.282763e-07,0.4310
2026-02-27T10:09:55.900945,1550,1,0.630922,0.0251,0.2970,0.5000,4.273336e-07,0.4334
2026-02-27T10:10:04.609794,1560,1,0.642491,0.4447,0.5166,0.5000,4.263860e-07,0.4358
2026-02-27T10:10:13.248908,1570,1,0.642657,0.9773,0.0448,1.0000,4.254335e-07,0.4382
2026-02-27T10:10:21.872826,1580,1,0.641964,0.2794,0.6538,0.2500,4.244760e-07,0.4406
2026-02-27T10:10:30.594151,1590,1,0.649598,0.1692,0.1601,0.2500,4.235137e-07,0.4430
2026-02-27T10:10:39.222673,1600,1,0.614046,0.9981,0.0897,0.7500,4.225465e-07,0.4454
2026-02-27T10:10:56.183632,1610,1,0.601766,0.9611,0.4638,0.7500,4.215745e-07,0.4501
2026-02-27T10:11:04.780370,1620,1,0.589458,0.6800,1.1712,0.5000,4.205978e-07,0.4525
2026-02-27T10:11:13.480407,1630,1,0.626421,0.6717,0.2698,1.0000,4.196163e-07,0.4550
2026-02-27T10:11:22.105695,1640,1,0.632308,1.2097,1.1775,0.5000,4.186301e-07,0.4573
2026-02-27T10:11:30.823878,1650,1,0.662624,1.2612,1.1287,0.7500,4.176392e-07,0.4598
2026-02-27T10:11:39.462098,1660,1,0.674283,1.3934,0.8235,1.0000,4.166437e-07,0.4622
2026-02-27T10:11:48.186987,1670,1,0.674557,0.6891,0.4080,0.7500,4.156435e-07,0.4646
2026-02-27T10:11:56.841945,1680,1,0.630429,1.1865,0.7548,1.0000,4.146388e-07,0.4670
2026-02-27T10:12:05.586056,1690,1,0.643033,0.7525,0.5754,0.5000,4.136295e-07,0.4694
2026-02-27T10:12:14.237940,1700,1,0.620017,1.5760,1.1666,0.7500,4.126157e-07,0.4718
2026-02-27T10:12:22.970592,1710,1,0.598407,0.0807,0.5168,0.2500,4.115974e-07,0.4743
2026-02-27T10:12:31.617287,1720,1,0.607513,0.9230,1.3036,0.2500,4.105747e-07,0.4767
2026-02-27T10:12:40.252604,1730,1,0.613440,1.9828,0.7351,1.0000,4.095476e-07,0.4791
2026-02-27T10:12:48.974376,1740,1,0.614302,0.9229,1.2825,0.5000,4.085160e-07,0.4815
2026-02-27T10:12:57.597790,1750,1,0.638560,1.0903,0.9829,0.5000,4.074802e-07,0.4839
2026-02-27T10:13:06.303535,1760,1,0.655827,0.3822,0.2739,0.7500,4.064400e-07,0.4863
2026-02-27T10:13:14.923668,1770,1,0.669891,0.5084,0.6324,0.2500,4.053955e-07,0.4887
2026-02-27T10:13:23.627479,1780,1,0.667613,1.8233,0.5298,0.7500,4.043468e-07,0.4911
2026-02-27T10:13:32.237654,1790,1,0.653725,1.7440,1.5193,0.7500,4.032938e-07,0.4935
2026-02-27T10:13:40.929269,1800,1,0.648838,1.1594,0.4106,1.0000,4.022367e-07,0.4959
2026-02-27T10:13:56.367448,1810,1,0.677775,0.9853,0.9874,0.2500,4.011754e-07,0.5002
2026-02-27T10:14:05.044432,1820,1,0.683827,0.8632,0.8526,0.5000,4.001101e-07,0.5026
2026-02-27T10:14:13.656136,1830,1,0.688951,1.0821,0.3092,0.7500,3.990406e-07,0.5050
2026-02-27T10:14:22.355830,1840,1,0.694961,0.6175,-0.0622,0.7500,3.979671e-07,0.5074
2026-02-27T10:14:30.981114,1850,1,0.686496,0.8478,0.8457,0.7500,3.968896e-07,0.5098
2026-02-27T10:14:39.627506,1860,1,0.701927,1.3369,1.0679,0.7500,3.958082e-07,0.5122
2026-02-27T10:14:48.351519,1870,2,0.689231,0.8209,-0.1228,0.7500,3.947228e-07,0.5146
2026-02-27T10:14:56.988491,1880,2,0.605398,1.1004,-0.5428,0.7500,3.936334e-07,0.5170
2026-02-27T10:15:05.714872,1890,2,0.508974,1.0916,-0.5973,1.0000,3.925403e-07,0.5195
2026-02-27T10:15:14.360573,1900,2,0.420351,1.3862,-0.7723,1.0000,3.914433e-07,0.5219
2026-02-27T10:15:23.098223,1910,2,0.296662,2.4154,-0.8485,1.0000,3.903425e-07,0.5243
2026-02-27T10:15:31.742907,1920,2,0.208296,2.7466,0.0010,1.0000,3.892379e-07,0.5267
2026-02-27T10:15:40.491495,1930,2,0.203564,1.9388,-0.0899,1.0000,3.881297e-07,0.5291
2026-02-27T10:15:49.147087,1940,2,0.202235,1.9116,-0.3384,1.0000,3.870177e-07,0.5315
2026-02-27T10:15:57.872490,1950,2,0.210907,1.7983,-0.0213,1.0000,3.859021e-07,0.5340
2026-02-27T10:16:06.512129,1960,2,0.210357,1.6694,-0.2578,1.0000,3.847829e-07,0.5364
2026-02-27T10:16:15.231189,1970,2,0.197028,0.5418,-0.9085,1.0000,3.836601e-07,0.5388
2026-02-27T10:16:23.860371,1980,2,0.201655,2.0229,-0.5883,1.0000,3.825337e-07,0.5412
2026-02-27T10:16:32.588793,1990,2,0.214261,1.6678,0.1291,1.0000,3.814039e-07,0.5436
2026-02-27T10:16:41.220560,2000,2,0.214344,2.8168,0.3800,1.0000,3.802706e-07,0.5460
2026-02-27T10:17:53.000727,2010,2,0.204185,1.1533,-0.5662,1.0000,3.791339e-07,0.5659
2026-02-27T10:18:01.562999,2020,2,0.205817,1.6510,-0.0235,1.0000,3.779937e-07,0.5683
2026-02-27T10:18:10.131072,2030,2,0.199092,1.5641,-0.7489,1.0000,3.768502e-07,0.5707
2026-02-27T10:18:18.808196,2040,2,0.186043,1.7722,0.0021,1.0000,3.757034e-07,0.5731
2026-02-27T10:18:27.410806,2050,2,0.182242,2.0436,0.0193,1.0000,3.745533e-07,0.5755
2026-02-27T10:18:36.119306,2060,2,0.191286,0.6069,-0.3328,1.0000,3.734000e-07,0.5779
2026-02-27T10:18:44.758766,2070,2,0.195351,1.7245,0.0748,1.0000,3.722435e-07,0.5803
2026-02-27T10:18:53.488874,2080,2,0.193130,1.9976,0.2323,1.0000,3.710838e-07,0.5827
2026-02-27T10:19:02.130675,2090,2,0.199917,1.7495,-0.0120,1.0000,3.699210e-07,0.5851
2026-02-27T10:19:10.773183,2100,2,0.199488,0.8968,-0.5017,0.7500,3.687550e-07,0.5875
2026-02-27T10:19:19.504414,2110,2,0.194348,2.3700,-0.4686,1.0000,3.675860e-07,0.5900
2026-02-27T10:19:28.146318,2120,2,0.193515,2.0864,-0.4545,1.0000,3.664141e-07,0.5924
2026-02-27T10:19:36.880044,2130,2,0.195546,0.8300,0.0976,1.0000,3.652391e-07,0.5948
2026-02-27T10:19:45.535082,2140,2,0.193845,0.8424,-0.8334,1.0000,3.640612e-07,0.5972
2026-02-27T10:19:54.259568,2150,2,0.193246,1.1572,-0.7590,1.0000,3.628804e-07,0.5996
2026-02-27T10:20:02.899548,2160,2,0.197476,0.6761,-0.3778,1.0000,3.616967e-07,0.6020
2026-02-27T10:20:11.611249,2170,2,0.191034,1.6211,-0.3466,1.0000,3.605102e-07,0.6044
2026-02-27T10:20:20.257545,2180,2,0.192911,1.4148,-0.5356,1.0000,3.593209e-07,0.6068
2026-02-27T10:20:28.971252,2190,2,0.184956,3.8153,0.2319,1.0000,3.581288e-07,0.6093
2026-02-27T10:20:37.592889,2200,2,0.189915,1.3641,-0.8611,1.0000,3.569341e-07,0.6117
2026-02-27T10:20:54.152231,2210,2,0.186115,2.8896,0.7303,1.0000,3.557367e-07,0.6163
2026-02-27T10:21:02.767284,2220,2,0.189370,1.7873,0.0545,1.0000,3.545366e-07,0.6186
2026-02-27T10:21:11.381745,2230,2,0.190709,1.4520,-0.2127,1.0000,3.533340e-07,0.6210
2026-02-27T10:21:20.092489,2240,2,0.204147,1.5232,0.3962,0.7500,3.521288e-07,0.6235
2026-02-27T10:21:28.732349,2250,2,0.193051,2.2871,0.1586,1.0000,3.509211e-07,0.6259
2026-02-27T10:21:37.486092,2260,2,0.198882,2.3830,-0.0846,1.0000,3.497110e-07,0.6283
2026-02-27T10:21:46.137632,2270,2,0.210237,1.6349,0.1766,1.0000,3.484983e-07,0.6307
2026-02-27T10:21:54.883796,2280,2,0.204211,1.9352,-0.5175,1.0000,3.472833e-07,0.6331
2026-02-27T10:22:03.543853,2290,2,0.187907,2.1071,-0.1890,1.0000,3.460660e-07,0.6355
2026-02-27T10:22:12.285852,2300,2,0.190161,1.7542,-0.4913,1.0000,3.448463e-07,0.6380
2026-02-27T10:22:20.945884,2310,2,0.191979,1.4802,-0.4496,1.0000,3.436244e-07,0.6404
2026-02-27T10:22:29.687791,2320,2,0.190127,2.4646,0.1355,1.0000,3.424002e-07,0.6428
2026-02-27T10:22:38.344701,2330,2,0.193574,1.1826,-0.5046,1.0000,3.411738e-07,0.6452
2026-02-27T10:22:47.085619,2340,2,0.212623,1.2231,-0.9309,1.0000,3.399453e-07,0.6476
2026-02-27T10:22:55.741631,2350,2,0.215000,1.4783,0.1994,1.0000,3.387146e-07,0.6500
2026-02-27T10:23:04.478731,2360,2,0.206520,2.1364,-0.7953,1.0000,3.374819e-07,0.6525
2026-02-27T10:23:13.124035,2370,2,0.202947,1.9784,-0.6836,1.0000,3.362471e-07,0.6549
2026-02-27T10:23:21.766342,2380,2,0.195124,2.3174,-0.1912,1.0000,3.350104e-07,0.6573
2026-02-27T10:23:30.493738,2390,2,0.185943,1.0956,-1.2588,1.0000,3.337717e-07,0.6597
2026-02-27T10:23:39.121197,2400,2,0.198642,1.9005,-0.3079,1.0000,3.325310e-07,0.6621
2026-02-27T10:23:56.008241,2410,2,0.200229,1.8034,0.3630,0.5000,3.312885e-07,0.6668
2026-02-27T10:24:04.606036,2420,2,0.202290,1.0726,-0.3227,0.7500,3.300442e-07,0.6692
2026-02-27T10:24:13.308267,2430,2,0.219860,1.5231,-0.0477,1.0000,3.287981e-07,0.6716
2026-02-27T10:24:21.929101,2440,2,0.231454,1.3624,0.1120,1.0000,3.275502e-07,0.6740
2026-02-27T10:24:30.654677,2450,2,0.214004,2.4445,0.1635,1.0000,3.263006e-07,0.6764
2026-02-27T10:24:39.307196,2460,2,0.226929,1.9246,0.0677,1.0000,3.250493e-07,0.6788
2026-02-27T10:24:48.044260,2470,2,0.234606,1.4958,-0.4637,1.0000,3.237964e-07,0.6812
2026-02-27T10:24:56.702587,2480,2,0.221815,2.3810,0.2047,1.0000,3.225419e-07,0.6836
2026-02-27T10:25:05.466355,2490,2,0.209567,1.1463,-0.1866,1.0000,3.212859e-07,0.6861
2026-02-27T10:25:14.135487,2500,2,0.219425,2.8386,0.3437,1.0000,3.200284e-07,0.6885
2026-02-27T10:26:16.811815,2510,2,0.210490,1.3131,-0.2475,1.0000,3.187694e-07,0.7059
2026-02-27T10:26:25.363805,2520,2,0.197644,2.5893,-0.1287,1.0000,3.175089e-07,0.7083
2026-02-27T10:26:33.928105,2530,2,0.194536,1.9932,-1.1225,1.0000,3.162471e-07,0.7106
2026-02-27T10:26:42.592962,2540,2,0.186640,1.8405,-1.7433,1.0000,3.149839e-07,0.7130
2026-02-27T10:26:51.193152,2550,2,0.182884,1.3973,-0.5923,1.0000,3.137195e-07,0.7154
2026-02-27T10:26:59.890650,2560,2,0.189874,2.0147,-0.8661,1.0000,3.124537e-07,0.7178
2026-02-27T10:27:08.515273,2570,2,0.195741,0.8786,-0.1840,1.0000,3.111868e-07,0.7202
2026-02-27T10:27:17.233734,2580,2,0.211243,1.4709,-0.7492,1.0000,3.099187e-07,0.7227
2026-02-27T10:27:25.868779,2590,2,0.218711,1.4307,-0.2617,0.7500,3.086494e-07,0.7251
2026-02-27T10:27:34.508824,2600,2,0.227351,1.6801,0.2397,1.0000,3.073790e-07,0.7275
2026-02-27T10:27:49.340255,2610,2,0.219589,2.2175,-0.2127,1.0000,3.061076e-07,0.7316
2026-02-27T10:27:57.948523,2620,2,0.209416,2.3410,-0.5660,1.0000,3.048352e-07,0.7340
2026-02-27T10:28:06.660508,2630,2,0.193439,2.6959,0.0523,1.0000,3.035618e-07,0.7364
2026-02-27T10:28:15.296165,2640,2,0.202123,0.8236,-1.2741,1.0000,3.022875e-07,0.7388
2026-02-27T10:28:24.022095,2650,2,0.190801,1.6971,-0.3034,1.0000,3.010122e-07,0.7412
2026-02-27T10:28:32.663760,2660,2,0.192195,1.4261,-0.7120,1.0000,2.997362e-07,0.7436
2026-02-27T10:28:41.402402,2670,2,0.202281,1.3724,-0.1413,0.7500,2.984593e-07,0.7460
2026-02-27T10:28:50.061198,2680,2,0.210130,2.1805,-0.2768,1.0000,2.971817e-07,0.7484
2026-02-27T10:28:58.800574,2690,2,0.199904,2.5485,-0.0700,1.0000,2.959033e-07,0.7509
2026-02-27T10:29:07.464772,2700,2,0.213242,1.8422,-0.4203,1.0000,2.946243e-07,0.7533
2026-02-27T10:29:16.208989,2710,2,0.226143,1.4385,-0.6560,1.0000,2.933446e-07,0.7557
2026-02-27T10:29:24.848903,2720,2,0.228204,1.2795,-1.4662,1.0000,2.920643e-07,0.7581
2026-02-27T10:29:33.567427,2730,2,0.225746,2.9116,-0.3669,1.0000,2.907835e-07,0.7605
2026-02-27T10:29:42.196322,2740,2,0.227680,0.7440,-0.3946,1.0000,2.895021e-07,0.7629
2026-02-27T10:29:50.815348,2750,2,0.209790,2.2788,-0.5692,1.0000,2.882203e-07,0.7653
2026-02-27T10:29:59.511288,2760,2,0.199941,1.0033,-0.9687,1.0000,2.869380e-07,0.7677
2026-02-27T10:30:08.133639,2770,2,0.189251,1.0790,-1.0304,1.0000,2.856554e-07,0.7701
2026-02-27T10:30:16.832517,2780,2,0.200922,0.7107,-1.0183,1.0000,2.843724e-07,0.7726
2026-02-27T10:30:25.448415,2790,2,0.202865,0.2748,-1.0445,1.0000,2.830891e-07,0.7749
2026-02-27T10:30:34.146787,2800,2,0.196442,1.9219,-1.1098,1.0000,2.818056e-07,0.7774
2026-02-27T10:30:53.021679,2810,2,0.200137,2.3009,-0.1777,1.0000,2.805218e-07,0.7826
2026-02-27T10:31:01.708685,2820,2,0.210504,3.0668,-0.0518,1.0000,2.792378e-07,0.7850
2026-02-27T10:31:10.322842,2830,2,0.193317,2.4583,-0.2237,1.0000,2.779537e-07,0.7874
2026-02-27T10:31:19.038989,2840,2,0.184062,1.7871,-0.6756,1.0000,2.766695e-07,0.7898
2026-02-27T10:31:27.681094,2850,2,0.200790,1.1468,-0.2600,1.0000,2.753853e-07,0.7922
2026-02-27T10:31:36.410953,2860,2,0.186110,1.0892,-0.4241,1.0000,2.741010e-07,0.7947
2026-02-27T10:31:45.070591,2870,2,0.172771,1.0203,-0.7307,1.0000,2.728168e-07,0.7971
2026-02-27T10:31:53.813958,2880,2,0.177710,2.2751,-0.5003,1.0000,2.715326e-07,0.7995
2026-02-27T10:32:02.472433,2890,2,0.183704,1.2156,-1.1615,1.0000,2.702486e-07,0.8019
2026-02-27T10:32:11.134798,2900,2,0.176512,0.9288,-0.9509,1.0000,2.689647e-07,0.8043
2026-02-27T10:32:19.893720,2910,2,0.181448,1.3234,-0.5145,1.0000,2.676810e-07,0.8067
2026-02-27T10:32:28.553612,2920,2,0.192796,1.2983,-0.2720,1.0000,2.663975e-07,0.8091
2026-02-27T10:32:37.291394,2930,2,0.198669,0.8454,-1.2502,1.0000,2.651144e-07,0.8116
2026-02-27T10:32:45.952033,2940,2,0.198414,1.3908,0.0110,1.0000,2.638315e-07,0.8140
2026-02-27T10:32:54.706041,2950,2,0.216998,0.7208,-0.5721,1.0000,2.625490e-07,0.8164
2026-02-27T10:33:03.358594,2960,2,0.225518,0.3594,-1.7450,1.0000,2.612669e-07,0.8188
2026-02-27T10:33:12.097495,2970,2,0.225565,0.5772,-1.2778,1.0000,2.599853e-07,0.8212
2026-02-27T10:33:20.748140,2980,2,0.220593,1.0941,-0.6295,1.0000,2.587041e-07,0.8236
2026-02-27T10:33:29.475774,2990,2,0.229491,1.0115,-0.4147,0.7500,2.574235e-07,0.8261
2026-02-27T10:33:38.100481,3000,2,0.215138,1.1174,0.0298,0.7500,2.561435e-07,0.8285
2026-02-27T10:34:48.652821,3010,2,0.205426,1.5447,-0.6711,1.0000,2.548640e-07,0.8481
2026-02-27T10:34:57.221848,3020,2,0.202032,1.2305,0.2600,1.0000,2.535853e-07,0.8504
2026-02-27T10:35:05.803143,3030,2,0.202816,1.4469,-0.6370,1.0000,2.523072e-07,0.8528
2026-02-27T10:35:14.494621,3040,2,0.191040,1.5193,-0.1065,1.0000,2.510299e-07,0.8552
2026-02-27T10:35:23.114948,3050,2,0.193035,1.2300,-0.3995,1.0000,2.497533e-07,0.8576
2026-02-27T10:35:31.842865,3060,2,0.188171,2.1988,-0.2636,1.0000,2.484776e-07,0.8601
2026-02-27T10:35:40.480552,3070,2,0.187554,1.3157,-0.7324,0.7500,2.472027e-07,0.8625
2026-02-27T10:35:49.216931,3080,2,0.186102,1.9522,-0.5495,1.0000,2.459287e-07,0.8649
2026-02-27T10:35:57.872435,3090,2,0.209219,1.1590,-0.8396,1.0000,2.446557e-07,0.8673
2026-02-27T10:36:06.613606,3100,2,0.220983,1.0562,-0.1067,0.7500,2.433837e-07,0.8697
2026-02-27T10:36:15.277756,3110,2,0.230116,1.0413,-0.8024,1.0000,2.421127e-07,0.8721
2026-02-27T10:36:23.936956,3120,2,0.233435,1.5625,-1.5043,1.0000,2.408428e-07,0.8745
2026-02-27T10:36:32.674802,3130,2,0.237701,1.4339,-0.2074,0.7500,2.395739e-07,0.8770
2026-02-27T10:36:41.323330,3140,2,0.218226,2.1561,-0.2550,1.0000,2.383063e-07,0.8794
2026-02-27T10:36:50.058025,3150,2,0.205614,1.7849,0.0436,1.0000,2.370398e-07,0.8818
2026-02-27T10:36:58.704567,3160,2,0.211189,2.5274,0.0967,0.7500,2.357746e-07,0.8842
2026-02-27T10:37:07.436359,3170,2,0.208537,1.2640,-0.0711,1.0000,2.345106e-07,0.8866
2026-02-27T10:37:16.078435,3180,2,0.214085,1.2322,-0.9948,1.0000,2.332480e-07,0.8890
2026-02-27T10:37:24.791074,3190,2,0.214859,2.1253,-0.8518,1.0000,2.319867e-07,0.8914
2026-02-27T10:37:33.420316,3200,2,0.219534,1.5781,-0.0100,1.0000,2.307269e-07,0.8938
2026-02-27T10:37:49.146699,3210,2,0.209357,2.3540,0.4633,1.0000,2.294684e-07,0.8982
2026-02-27T10:37:57.744054,3220,2,0.212966,0.5704,-1.5204,1.0000,2.282115e-07,0.9006
2026-02-27T10:38:06.445060,3230,2,0.195145,1.0960,-0.8181,1.0000,2.269561e-07,0.9030
2026-02-27T10:38:15.074420,3240,2,0.200851,0.8288,-0.4025,1.0000,2.257022e-07,0.9054
2026-02-27T10:38:23.803615,3250,2,0.199293,2.8163,0.9283,1.0000,2.244500e-07,0.9078
2026-02-27T10:38:32.455682,3260,2,0.205438,1.2316,-0.3555,1.0000,2.231994e-07,0.9102
2026-02-27T10:38:41.123535,3270,2,0.203667,1.0972,-0.5846,0.7500,2.219505e-07,0.9126
2026-02-27T10:38:49.868927,3280,2,0.212042,2.5761,-0.1528,1.0000,2.207033e-07,0.9151
2026-02-27T10:38:58.528488,3290,2,0.201883,1.0896,-1.8152,1.0000,2.194579e-07,0.9175
2026-02-27T10:39:07.276287,3300,2,0.209340,1.0342,-0.1268,0.7500,2.182142e-07,0.9199
2026-02-27T10:39:15.939337,3310,2,0.211248,1.6511,-0.3193,1.0000,2.169725e-07,0.9223
2026-02-27T10:39:24.681386,3320,2,0.211095,1.2990,-0.0837,1.0000,2.157326e-07,0.9247
2026-02-27T10:39:33.350583,3330,2,0.214400,2.1624,-0.7762,1.0000,2.144947e-07,0.9271
2026-02-27T10:39:42.095453,3340,2,0.214549,2.2193,0.4460,1.0000,2.132587e-07,0.9296
2026-02-27T10:39:50.729490,3350,2,0.198985,0.9987,-0.6760,1.0000,2.120248e-07,0.9320
2026-02-27T10:39:59.450072,3360,2,0.198351,2.3349,-0.3860,1.0000,2.107929e-07,0.9344
2026-02-27T10:40:08.084870,3370,2,0.208681,1.4191,-0.1584,1.0000,2.095631e-07,0.9368
2026-02-27T10:40:16.801382,3380,2,0.202383,2.1535,-0.4523,1.0000,2.083354e-07,0.9392
2026-02-27T10:40:25.430308,3390,2,0.208664,3.6194,-1.0746,1.0000,2.071099e-07,0.9416
2026-02-27T10:40:34.050458,3400,2,0.214940,1.4028,-0.9087,1.0000,2.058866e-07,0.9440
2026-02-27T10:40:48.074153,3410,2,0.219082,1.0105,-1.0826,1.0000,2.046655e-07,0.9479
2026-02-27T10:40:56.669921,3420,2,0.213336,0.7283,0.1367,0.7500,2.034468e-07,0.9503
2026-02-27T10:41:05.367289,3430,2,0.226230,1.0389,-0.5039,1.0000,2.022304e-07,0.9527
2026-02-27T10:41:13.998827,3440,2,0.216092,1.8431,-0.8309,1.0000,2.010163e-07,0.9551
2026-02-27T10:41:22.722803,3450,2,0.209005,1.6864,-0.1197,1.0000,1.998047e-07,0.9575
2026-02-27T10:41:31.368292,3460,2,0.202306,1.9009,-1.4368,1.0000,1.985955e-07,0.9599
2026-02-27T10:41:40.098744,3470,2,0.207922,0.7677,-0.1692,1.0000,1.973888e-07,0.9623
2026-02-27T10:41:48.759034,3480,2,0.201934,0.4622,-0.6728,0.7500,1.961846e-07,0.9648
2026-02-27T10:41:57.507273,3490,2,0.213372,0.9825,-0.5481,1.0000,1.949830e-07,0.9672
2026-02-27T10:42:06.172337,3500,2,0.223760,1.2932,-0.1065,0.7500,1.937840e-07,0.9696
2026-02-27T10:43:09.258481,3510,2,0.222040,1.1026,0.1266,1.0000,1.925877e-07,0.9871
2026-02-27T10:43:17.814331,3520,2,0.220000,1.5152,-0.3430,0.7500,1.913940e-07,0.9895
2026-02-27T10:43:26.387588,3530,2,0.217640,0.9037,-0.8293,1.0000,1.902031e-07,0.9919
2026-02-27T10:43:35.072433,3540,2,0.224641,0.6938,-0.2223,1.0000,1.890149e-07,0.9943
2026-02-27T10:43:43.695060,3550,2,0.212975,2.6753,0.2601,1.0000,1.878295e-07,0.9967
2026-02-27T10:43:52.424280,3560,2,0.209576,2.7520,0.2916,1.0000,1.866470e-07,0.9991
2026-02-27T10:44:01.072689,3570,2,0.192312,1.2397,-1.0553,1.0000,1.854673e-07,1.0015
2026-02-27T10:44:09.817319,3580,2,0.191043,1.3083,-0.2049,0.7500,1.842906e-07,1.0039
2026-02-27T10:44:18.470929,3590,2,0.187973,0.9310,-0.4157,1.0000,1.831168e-07,1.0063
2026-02-27T10:44:27.219774,3600,2,0.193392,2.2947,0.3238,1.0000,1.819460e-07,1.0088
2026-02-27T10:44:45.165887,3610,2,0.197789,1.1070,0.1318,0.7500,1.807782e-07,1.0138
2026-02-27T10:44:53.884598,3620,2,0.211397,1.4401,0.0732,1.0000,1.796135e-07,1.0162
2026-02-27T10:45:02.529036,3630,2,0.216161,2.8663,0.3697,1.0000,1.784520e-07,1.0186
2026-02-27T10:45:11.184294,3640,2,0.226364,1.8767,0.0047,0.7500,1.772935e-07,1.0210
2026-02-27T10:45:19.929958,3650,2,0.223112,1.9145,-0.6569,1.0000,1.761383e-07,1.0234
2026-02-27T10:45:28.585392,3660,2,0.232286,0.8503,-0.1684,1.0000,1.749862e-07,1.0258
2026-02-27T10:45:37.454260,3670,2,0.222896,1.8819,-0.7434,1.0000,1.738375e-07,1.0283
2026-02-27T10:45:46.134784,3680,2,0.215975,1.3137,-0.4437,1.0000,1.726920e-07,1.0307
2026-02-27T10:45:54.972545,3690,2,0.198205,2.0557,-0.0880,1.0000,1.715498e-07,1.0331
2026-02-27T10:46:03.708568,3700,2,0.196196,3.2597,0.6336,1.0000,1.704110e-07,1.0356
2026-02-27T10:46:12.523720,3710,2,0.191326,0.8744,-1.4684,0.7500,1.692757e-07,1.0380
2026-02-27T10:46:21.295348,3720,2,0.197517,0.4508,-1.2240,1.0000,1.681437e-07,1.0405
2026-02-27T10:46:30.086617,3730,2,0.195022,2.5283,-0.2381,1.0000,1.670153e-07,1.0429
2026-02-27T10:46:38.786819,3740,3,0.181870,1.9762,-1.3597,1.0000,1.658904e-07,1.0453
2026-02-27T10:46:47.541685,3750,3,0.165035,2.0082,-0.9060,1.0000,1.647690e-07,1.0477
2026-02-27T10:46:56.253904,3760,3,0.133053,2.0185,-1.5360,1.0000,1.636512e-07,1.0502
2026-02-27T10:47:04.951138,3770,3,0.104813,1.2939,-0.2372,1.0000,1.625371e-07,1.0526
2026-02-27T10:47:13.976212,3780,3,0.089782,2.5219,-0.6992,1.0000,1.614266e-07,1.0551
2026-02-27T10:47:22.923346,3790,3,0.091406,3.7352,-0.6121,1.0000,1.603198e-07,1.0576
2026-02-27T10:47:31.730661,3800,3,0.102557,1.1733,-0.9408,1.0000,1.592167e-07,1.0600
2026-02-27T10:47:49.340975,3810,3,0.110214,1.8221,-0.4735,0.7500,1.581175e-07,1.0649
2026-02-27T10:47:58.174186,3820,3,0.118776,1.9930,-0.5456,1.0000,1.570220e-07,1.0674
2026-02-27T10:48:06.868307,3830,3,0.118469,2.5547,0.0161,1.0000,1.559304e-07,1.0698
2026-02-27T10:48:15.779766,3840,3,0.102910,2.3061,-0.4744,1.0000,1.548426e-07,1.0723
2026-02-27T10:48:24.548437,3850,3,0.094987,1.1977,-1.1060,1.0000,1.537588e-07,1.0747
2026-02-27T10:48:33.368189,3860,3,0.091555,2.7430,-0.5492,1.0000,1.526789e-07,1.0771
2026-02-27T10:48:42.066301,3870,3,0.083960,2.0687,-1.6734,1.0000,1.516030e-07,1.0796
2026-02-27T10:48:50.851536,3880,3,0.087758,1.1580,-0.9362,1.0000,1.505311e-07,1.0820
2026-02-27T10:48:59.561232,3890,3,0.095472,2.2687,-1.4757,1.0000,1.494633e-07,1.0844
2026-02-27T10:49:08.350705,3900,3,0.095734,3.0577,-0.7103,1.0000,1.483996e-07,1.0869
2026-02-27T10:49:17.062690,3910,3,0.099162,1.2981,-1.4761,1.0000,1.473400e-07,1.0893
2026-02-27T10:49:25.800529,3920,3,0.104536,1.5539,-1.8810,1.0000,1.462845e-07,1.0917
2026-02-27T10:49:34.623564,3930,3,0.098533,1.7241,-1.6179,1.0000,1.452332e-07,1.0942
2026-02-27T10:49:43.523883,3940,3,0.095759,2.4854,-1.0314,1.0000,1.441862e-07,1.0966
2026-02-27T10:49:52.299631,3950,3,0.089395,2.7569,-0.6922,1.0000,1.431434e-07,1.0991
2026-02-27T10:50:01.130175,3960,3,0.087722,2.6393,-0.6004,1.0000,1.421050e-07,1.1015
2026-02-27T10:50:10.011754,3970,3,0.084164,0.8908,-1.4042,1.0000,1.410708e-07,1.1040
2026-02-27T10:50:18.681705,3980,3,0.087421,2.1314,-0.6738,1.0000,1.400411e-07,1.1064
2026-02-27T10:50:27.434767,3990,3,0.087216,0.4962,-1.7631,1.0000,1.390157e-07,1.1088
2026-02-27T10:50:36.084061,4000,3,0.090511,2.3445,-0.6922,1.0000,1.379947e-07,1.1112
2026-02-27T10:51:46.866705,4010,3,0.086443,1.4289,-0.6728,1.0000,1.369782e-07,1.1309
2026-02-27T10:51:55.443041,4020,3,0.096561,1.5881,-1.3730,1.0000,1.359662e-07,1.1333
2026-02-27T10:52:04.137557,4030,3,0.098097,1.1311,-1.0860,1.0000,1.349588e-07,1.1357
2026-02-27T10:52:12.899231,4040,3,0.103179,2.3067,-0.5427,1.0000,1.339559e-07,1.1381
2026-02-27T10:52:21.628816,4050,3,0.106680,1.6853,-0.9037,1.0000,1.329576e-07,1.1406
2026-02-27T10:52:30.383052,4060,3,0.105885,1.0986,-1.3264,1.0000,1.319639e-07,1.1430
2026-02-27T10:52:39.158926,4070,3,0.095417,2.4365,-1.4080,1.0000,1.309749e-07,1.1454
2026-02-27T10:52:48.077675,4080,3,0.093550,3.0850,-0.9685,1.0000,1.299906e-07,1.1479
2026-02-27T10:52:56.910120,4090,3,0.098418,2.8598,-0.3902,1.0000,1.290110e-07,1.1504
2026-02-27T10:53:05.927410,4100,3,0.096016,1.8463,-1.1155,1.0000,1.280361e-07,1.1529
2026-02-27T10:53:14.834472,4110,3,0.097284,1.9358,-1.3910,1.0000,1.270661e-07,1.1553
2026-02-27T10:53:23.643008,4120,3,0.100087,2.8825,-0.4817,1.0000,1.261008e-07,1.1578
2026-02-27T10:53:32.356007,4130,3,0.095492,2.0607,-1.4020,1.0000,1.251404e-07,1.1602
2026-02-27T10:53:41.056924,4140,3,0.083427,1.8427,-0.7316,1.0000,1.241849e-07,1.1626
2026-02-27T10:53:49.834142,4150,3,0.090739,2.2149,-0.1920,1.0000,1.232343e-07,1.1651
2026-02-27T10:53:58.523737,4160,3,0.087691,2.6251,-0.5337,1.0000,1.222887e-07,1.1675
2026-02-27T10:54:07.285914,4170,3,0.085712,2.3739,-0.9779,1.0000,1.213480e-07,1.1699
2026-02-27T10:54:15.974474,4180,3,0.099360,3.3219,-0.4225,1.0000,1.204124e-07,1.1723
2026-02-27T10:54:24.904203,4190,3,0.104077,0.9148,-3.0269,1.0000,1.194817e-07,1.1748
2026-02-27T10:54:33.737690,4200,3,0.096996,2.8440,-1.1932,1.0000,1.185562e-07,1.1772
2026-02-27T13:01:09.626651,10,1,0.691558,0.0211,-0.0129,1.0000,5.000000e-08,0.0025
2026-02-27T13:01:18.414673,20,1,0.693751,-0.0402,-0.0162,0.5000,1.000000e-07,0.0049
2026-02-27T13:01:27.310196,30,1,0.693964,-0.0012,0.0005,0.5000,1.500000e-07,0.0074
2026-02-27T13:01:36.068491,40,1,0.694280,0.0228,0.0346,0.5000,2.000000e-07,0.0099
2026-02-27T13:01:44.917561,50,1,0.693779,0.0975,0.1868,0.5000,2.500000e-07,0.0123
2026-02-27T13:01:53.687183,60,1,0.688302,0.0463,0.0899,0.2500,3.000000e-07,0.0147
2026-02-27T13:02:02.603160,70,1,0.687662,0.1152,0.0935,0.7500,3.500000e-07,0.0172
2026-02-27T13:02:11.406258,80,1,0.693259,0.4121,0.2520,0.5000,4.000000e-07,0.0197
2026-02-27T13:02:20.242036,90,1,0.693688,0.3242,0.0764,1.0000,4.500000e-07,0.0221
2026-02-27T13:02:29.150799,100,1,0.687057,0.4993,0.0839,1.0000,5.000000e-07,0.0246
2026-02-27T13:02:37.975744,110,1,0.694322,0.5834,0.6226,0.5000,4.999932e-07,0.0270
2026-02-27T13:02:46.920795,120,1,0.695010,0.0694,0.2035,0.5000,4.999697e-07,0.0295
2026-02-27T13:02:55.765694,130,1,0.672830,0.8508,0.3998,0.7500,4.999294e-07,0.0320
2026-02-27T13:03:04.688730,140,1,0.667267,0.2206,0.1632,0.5000,4.998723e-07,0.0345
2026-02-27T13:03:13.534021,150,1,0.669118,0.4805,0.4345,0.7500,4.997984e-07,0.0369
2026-02-27T13:03:22.487011,160,1,0.669966,0.4029,0.8613,0.0000,4.997077e-07,0.0394
2026-02-27T13:03:31.335762,170,1,0.665347,0.6528,0.5421,0.5000,4.996003e-07,0.0419
2026-02-27T13:03:40.248469,180,1,0.677884,0.4846,0.6146,0.5000,4.994760e-07,0.0443
2026-02-27T13:03:49.123215,190,1,0.665786,0.5524,-0.1100,1.0000,4.993351e-07,0.0468
2026-02-27T13:03:58.060371,200,1,0.683988,0.0700,0.2129,0.2500,4.991774e-07,0.0493
2026-02-27T13:04:14.309303,210,1,0.675632,0.3733,-0.0614,0.7500,4.990029e-07,0.0538
2026-02-27T13:04:23.123781,220,1,0.698389,-0.0680,0.1006,0.5000,4.988117e-07,0.0563
2026-02-27T13:04:32.053906,230,1,0.713375,0.0401,0.0680,0.2500,4.986038e-07,0.0587
2026-02-27T13:04:40.925195,240,1,0.703111,0.5065,0.2873,0.7500,4.983793e-07,0.0612
2026-02-27T13:04:49.868099,250,1,0.681576,0.7915,0.7081,0.5000,4.981380e-07,0.0637
2026-02-27T13:04:58.773402,260,1,0.688797,0.4333,0.2083,0.5000,4.978801e-07,0.0662
2026-02-27T13:05:07.815220,270,1,0.681503,0.8016,0.4686,0.7500,4.976055e-07,0.0687
2026-02-27T13:05:16.706186,280,1,0.672075,0.1261,0.0627,0.5000,4.973144e-07,0.0711
2026-02-27T13:05:25.686059,290,1,0.706105,0.6861,1.1870,0.2500,4.970066e-07,0.0736
2026-02-27T13:05:34.618574,300,1,0.706510,0.7879,0.0273,0.7500,4.966823e-07,0.0761
2026-02-27T13:05:43.691836,310,1,0.716826,0.9220,0.9117,0.5000,4.963414e-07,0.0786
2026-02-27T13:05:52.661560,320,1,0.685086,0.5349,0.5367,0.5000,4.959840e-07,0.0811
2026-02-27T13:06:01.607961,330,1,0.679958,0.1588,0.6109,0.5000,4.956101e-07,0.0836
2026-02-27T13:06:10.429616,340,1,0.670125,0.8353,0.8852,0.5000,4.952197e-07,0.0861
2026-02-27T13:06:19.337089,350,1,0.681274,0.4042,1.0918,0.2500,4.948129e-07,0.0885
2026-02-27T13:06:28.166079,360,1,0.698200,0.1907,0.1733,0.7500,4.943896e-07,0.0910
2026-02-27T13:06:36.994798,370,1,0.737575,-0.1825,0.4135,0.5000,4.939500e-07,0.0934
2026-02-27T13:06:45.913329,380,1,0.726638,0.4759,0.3415,0.7500,4.934941e-07,0.0959
2026-02-27T13:06:54.746135,390,1,0.721143,0.6050,0.4756,0.5000,4.930218e-07,0.0984
2026-02-27T13:07:03.673137,400,1,0.720039,0.7230,0.6258,0.5000,4.925333e-07,0.1009
2026-02-27T13:07:19.689122,410,1,0.688070,1.4116,1.6430,0.5000,4.920285e-07,0.1053
2026-02-27T13:07:28.601879,420,1,0.672462,0.5408,0.8614,0.2500,4.915075e-07,0.1078
2026-02-27T13:07:37.478981,430,1,0.668294,0.5243,0.1344,0.7500,4.909704e-07,0.1102
2026-02-27T13:07:46.427906,440,1,0.681994,0.7052,-0.2052,0.7500,4.904171e-07,0.1127
2026-02-27T13:07:55.333007,450,1,0.689330,0.0592,-0.5857,0.7500,4.898478e-07,0.1152
2026-02-27T13:08:04.312186,460,1,0.678526,0.1305,0.8024,0.0000,4.892624e-07,0.1177
2026-02-27T13:08:13.216003,470,1,0.683241,-0.0785,0.0300,0.5000,4.886610e-07,0.1202
2026-02-27T13:08:22.190947,480,1,0.676769,0.5301,-0.0493,0.7500,4.880437e-07,0.1227
2026-02-27T13:08:31.069930,490,1,0.691165,0.2058,0.5703,0.2500,4.874104e-07,0.1251
2026-02-27T13:08:39.999953,500,1,0.682170,0.1710,0.4606,0.0000,4.867613e-07,0.1276
2026-02-27T13:09:40.490979,510,1,0.700905,0.4922,0.5340,0.5000,4.860964e-07,0.1444
2026-02-27T13:09:49.333262,520,1,0.697801,1.0717,0.8909,0.5000,4.854158e-07,0.1469
2026-02-27T13:09:58.119407,530,1,0.725502,0.0804,0.1335,0.5000,4.847194e-07,0.1493
2026-02-27T13:10:06.956351,540,1,0.713123,0.1690,0.2413,0.7500,4.840074e-07,0.1518
2026-02-27T13:10:15.897066,550,1,0.725041,1.4637,0.8467,0.7500,4.832797e-07,0.1542
2026-02-27T13:10:24.767037,560,1,0.696362,0.4674,-0.0072,0.7500,4.825365e-07,0.1567
2026-02-27T13:10:33.756487,570,1,0.673553,0.3686,-0.4409,1.0000,4.817779e-07,0.1592
2026-02-27T13:10:42.643690,580,1,0.687624,0.4378,0.3826,0.7500,4.810038e-07,0.1617
2026-02-27T13:10:51.607413,590,1,0.669008,0.8075,-0.2562,0.5000,4.802143e-07,0.1642
2026-02-27T13:11:00.477674,600,1,0.652548,0.2377,0.9414,0.0000,4.794095e-07,0.1666
2026-02-27T13:11:16.529836,610,1,0.684392,0.1591,0.2898,0.5000,4.785894e-07,0.1711
2026-02-27T13:11:25.454309,620,1,0.688514,0.0114,-0.2474,0.5000,4.777541e-07,0.1736
2026-02-27T13:11:34.326773,630,1,0.681790,0.8735,-0.1942,0.7500,4.769037e-07,0.1760
2026-02-27T13:11:43.301515,640,1,0.686673,0.2403,0.0073,0.7500,4.760383e-07,0.1785
2026-02-27T13:11:52.208941,650,1,0.708781,0.2502,0.3818,0.5000,4.751578e-07,0.1810
2026-02-27T13:12:01.169033,660,1,0.704100,0.4404,0.4163,0.7500,4.742623e-07,0.1835
2026-02-27T13:12:10.054551,670,1,0.705955,0.7138,0.2591,1.0000,4.733520e-07,0.1860
2026-02-27T13:12:19.036938,680,1,0.682908,0.6460,0.3404,0.5000,4.724269e-07,0.1885
2026-02-27T13:12:27.909572,690,1,0.705233,1.2252,0.8519,0.7500,4.714871e-07,0.1909
2026-02-27T13:12:36.860251,700,1,0.688604,0.3161,0.2524,0.5000,4.705326e-07,0.1934
2026-02-27T13:12:45.716272,710,1,0.702697,0.9589,0.2999,0.5000,4.695635e-07,0.1959
2026-02-27T13:12:54.657146,720,1,0.744467,2.1725,1.9179,0.7500,4.685798e-07,0.1983
2026-02-27T13:13:03.513044,730,1,0.757776,0.6384,-0.0713,0.7500,4.675817e-07,0.2008
2026-02-27T13:13:12.365819,740,1,0.764349,0.0054,1.3688,0.2500,4.665693e-07,0.2033
2026-02-27T13:13:21.300008,750,1,0.761952,1.1166,0.5096,1.0000,4.655425e-07,0.2058
2026-02-27T13:13:30.129622,760,1,0.726175,0.7317,0.1016,0.7500,4.645015e-07,0.2082
2026-02-27T13:13:39.051672,770,1,0.705122,0.8030,0.2111,1.0000,4.634464e-07,0.2107
2026-02-27T13:13:47.897157,780,1,0.703417,0.7209,0.9350,0.2500,4.623772e-07,0.2131
2026-02-27T13:13:56.805292,790,1,0.675054,-0.2350,-0.0460,0.2500,4.612940e-07,0.2156
2026-02-27T13:14:05.635288,800,1,0.668087,0.0911,-0.0499,0.5000,4.601969e-07,0.2181
2026-02-27T13:14:21.439749,810,1,0.686241,1.2740,0.4513,0.7500,4.590859e-07,0.2225
2026-02-27T13:14:30.259103,820,1,0.668799,0.0300,0.1113,0.2500,4.579613e-07,0.2249
2026-02-27T13:14:39.235685,830,1,0.666025,0.8134,0.4360,0.7500,4.568229e-07,0.2274
2026-02-27T13:14:48.099096,840,1,0.664726,0.9851,-0.3822,1.0000,4.556710e-07,0.2299
2026-02-27T13:14:57.080285,850,1,0.669483,0.5619,0.5560,0.5000,4.545056e-07,0.2324
2026-02-27T13:15:05.980255,860,1,0.682599,0.7878,1.5219,0.5000,4.533268e-07,0.2348
2026-02-27T13:15:14.983267,870,1,0.702077,0.5956,0.1421,0.7500,4.521347e-07,0.2373
2026-02-27T13:15:23.864119,880,1,0.721048,0.8987,0.5450,0.7500,4.509294e-07,0.2398
2026-02-27T13:15:32.754063,890,1,0.711605,1.1816,1.6449,0.5000,4.497109e-07,0.2423
2026-02-27T13:15:41.720264,900,1,0.693213,1.5356,-2.5590,1.0000,4.484794e-07,0.2448
2026-02-27T13:15:50.610840,910,1,0.704484,0.8930,0.3422,1.0000,4.472350e-07,0.2472
2026-02-27T13:15:59.634804,920,1,0.684570,0.4996,-0.1443,0.7500,4.459777e-07,0.2497
2026-02-27T13:16:08.486613,930,1,0.639879,1.1578,-0.1121,1.0000,4.447076e-07,0.2522
2026-02-27T13:16:17.450362,940,1,0.678132,-0.0485,0.3996,0.2500,4.434248e-07,0.2547
2026-02-27T13:16:26.283582,950,1,0.686467,0.8282,1.0925,0.5000,4.421295e-07,0.2571
2026-02-27T13:16:35.217428,960,1,0.659643,1.1914,-0.2223,1.0000,4.408217e-07,0.2596
2026-02-27T13:16:44.049120,970,1,0.678141,0.9497,0.6284,0.5000,4.395015e-07,0.2621
2026-02-27T13:16:52.970405,980,1,0.675215,1.7531,0.4624,1.0000,4.381691e-07,0.2645
2026-02-27T13:17:01.810911,990,1,0.607383,2.5422,1.3586,1.0000,4.368244e-07,0.2670
2026-02-27T13:17:10.762833,1000,1,0.632603,1.6264,0.8954,0.7500,4.354677e-07,0.2695
2026-02-27T13:18:21.084663,1010,1,0.646483,1.1779,0.4977,0.7500,4.340990e-07,0.2890
2026-02-27T13:18:29.959765,1020,1,0.625261,0.4275,0.3756,0.2500,4.327184e-07,0.2915
2026-02-27T13:18:38.741719,1030,1,0.638842,2.0813,0.8014,0.7500,4.313261e-07,0.2939
2026-02-27T13:18:47.565485,1040,1,0.713177,0.4678,1.1564,0.0000,4.299221e-07,0.2964
2026-02-27T13:18:56.508655,1050,1,0.698217,1.5049,0.3128,0.7500,4.285065e-07,0.2989
2026-02-27T13:19:05.380443,1060,1,0.709748,1.9123,0.9318,1.0000,4.270794e-07,0.3013
2026-02-27T13:19:14.382132,1070,1,0.743976,0.5566,0.9073,0.2500,4.256410e-07,0.3038
2026-02-27T13:19:23.274533,1080,1,0.761583,1.4772,0.6769,0.7500,4.241914e-07,0.3063
2026-02-27T13:19:32.256117,1090,1,0.726523,1.8986,1.5947,0.5000,4.227306e-07,0.3088
2026-02-27T13:19:41.139321,1100,1,0.733784,1.2825,-0.0947,1.0000,4.212588e-07,0.3113
2026-02-27T13:19:50.166118,1110,1,0.715182,1.1143,1.2545,0.7500,4.197761e-07,0.3138
2026-02-27T13:19:59.031798,1120,1,0.672416,0.6097,1.1470,0.2500,4.182825e-07,0.3162
2026-02-27T13:20:07.965465,1130,1,0.639714,1.3093,0.5640,1.0000,4.167783e-07,0.3187
2026-02-27T13:20:16.877560,1140,1,0.611540,1.0767,0.9043,0.5000,4.152635e-07,0.3212
2026-02-27T13:20:25.835814,1150,1,0.589264,0.9988,1.2944,0.5000,4.137382e-07,0.3237
2026-02-27T13:20:34.778899,1160,1,0.598359,0.7802,0.9293,0.5000,4.122026e-07,0.3262
2026-02-27T13:20:43.745569,1170,1,0.617271,1.4029,1.5000,0.5000,4.106567e-07,0.3287
2026-02-27T13:20:52.724570,1180,1,0.629323,0.6664,0.4597,0.5000,4.091006e-07,0.3311
2026-02-27T13:21:01.649006,1190,1,0.648044,1.1853,0.6170,0.7500,4.075346e-07,0.3336
2026-02-27T13:21:10.602209,1200,1,0.718193,0.1397,1.1909,0.0000,4.059587e-07,0.3361
2026-02-27T13:21:26.809378,1210,1,0.707527,1.8685,1.0750,0.7500,4.043730e-07,0.3406
2026-02-27T13:21:35.813922,1220,1,0.689670,1.9286,0.4453,1.0000,4.027776e-07,0.3431
2026-02-27T13:21:44.720789,1230,1,0.683777,1.9603,0.8974,0.7500,4.011727e-07,0.3456
2026-02-27T13:21:53.772681,1240,1,0.722885,1.7961,2.2364,0.5000,3.995584e-07,0.3481
2026-02-27T13:22:02.738090,1250,1,0.672391,1.5765,1.4568,0.5000,3.979348e-07,0.3506
2026-02-27T13:22:11.796849,1260,1,0.663836,1.0515,0.1899,1.0000,3.963020e-07,0.3531
2026-02-27T13:22:20.748505,1270,1,0.679474,1.0595,0.5004,0.7500,3.946602e-07,0.3556
2026-02-27T13:22:29.823114,1280,1,0.691677,1.7792,0.3982,1.0000,3.930094e-07,0.3581
2026-02-27T13:22:38.830587,1290,1,0.651838,0.6433,-0.0106,1.0000,3.913498e-07,0.3606
2026-02-27T13:22:47.832205,1300,1,0.654276,1.9176,0.6141,0.7500,3.896815e-07,0.3631
2026-02-27T13:22:56.878899,1310,1,0.659500,1.3214,1.3922,0.5000,3.880047e-07,0.3656
2026-02-27T13:23:05.860377,1320,1,0.658856,2.3066,1.7901,0.5000,3.863194e-07,0.3681
2026-02-27T13:23:14.919536,1330,1,0.664311,1.3141,0.7232,0.5000,3.846258e-07,0.3706
2026-02-27T13:23:23.863450,1340,1,0.688872,0.3982,1.1670,0.5000,3.829241e-07,0.3731
2026-02-27T13:23:32.900639,1350,1,0.677408,1.3051,0.3778,0.7500,3.812143e-07,0.3756
2026-02-27T13:23:41.858602,1360,1,0.693280,1.1709,0.1576,0.7500,3.794965e-07,0.3781
2026-02-27T13:23:50.899331,1370,1,0.657924,1.7888,0.2224,0.7500,3.777709e-07,0.3806
2026-02-27T13:23:59.858315,1380,1,0.651485,0.8034,0.9478,0.5000,3.760377e-07,0.3831
2026-02-27T13:24:08.920288,1390,1,0.656419,0.8305,0.3789,0.5000,3.742970e-07,0.3856
2026-02-27T13:24:17.885956,1400,1,0.663353,1.4380,0.7400,0.5000,3.725488e-07,0.3881
2026-02-27T13:24:34.336520,1410,1,0.649673,1.5499,-0.9174,1.0000,3.707933e-07,0.3927
2026-02-27T13:24:43.233953,1420,1,0.695179,0.5943,1.1724,0.5000,3.690307e-07,0.3952
2026-02-27T13:24:52.260299,1430,1,0.687742,0.4877,0.7082,0.0000,3.672611e-07,0.3977
2026-02-27T13:25:01.241241,1440,1,0.653482,0.9569,0.6430,0.5000,3.654845e-07,0.4002
2026-02-27T13:25:10.231370,1450,1,0.642079,0.8201,0.7782,0.5000,3.637013e-07,0.4027
2026-02-27T13:25:19.292157,1460,1,0.630636,0.4688,0.3778,0.7500,3.619114e-07,0.4052
2026-02-27T13:25:28.290474,1470,1,0.645694,1.1014,1.1193,0.5000,3.601150e-07,0.4077
2026-02-27T13:25:37.362182,1480,1,0.651504,1.9175,-0.5028,1.0000,3.583122e-07,0.4102
2026-02-27T13:25:46.351390,1490,1,0.687439,0.2464,0.2381,0.5000,3.565033e-07,0.4127
2026-02-27T13:25:55.417307,1500,1,0.678000,0.5046,0.6900,0.2500,3.546882e-07,0.4152
2026-02-27T13:26:39.200322,1510,1,0.695624,1.1651,0.4405,0.7500,3.528672e-07,0.4274
2026-02-27T13:26:48.113546,1520,1,0.670103,0.5470,0.2803,0.5000,3.510404e-07,0.4299
2026-02-27T13:26:56.994499,1530,1,0.696664,0.5424,1.0484,0.5000,3.492079e-07,0.4323
2026-02-27T13:27:05.996868,1540,1,0.669668,1.2636,1.0068,0.7500,3.473699e-07,0.4348
2026-02-27T13:27:14.927764,1550,1,0.698351,0.7459,-0.3002,0.7500,3.455265e-07,0.4373
2026-02-27T13:27:23.883294,1560,1,0.683941,0.5635,0.3257,0.5000,3.436778e-07,0.4398
2026-02-27T13:27:32.933385,1570,1,0.653844,0.8047,0.2459,0.5000,3.418240e-07,0.4423
2026-02-27T13:27:41.873546,1580,1,0.706181,0.6160,-0.5154,0.5000,3.399652e-07,0.4448
2026-02-27T13:27:50.913580,1590,1,0.715924,0.4183,0.9089,0.5000,3.381015e-07,0.4473
2026-02-27T13:27:59.844742,1600,1,0.710428,0.9197,0.2155,0.7500,3.362331e-07,0.4498
2026-02-27T13:28:15.836852,1610,1,0.703920,0.2826,0.1747,0.7500,3.343602e-07,0.4542
2026-02-27T13:28:24.781791,1620,1,0.719100,0.7121,0.8472,0.5000,3.324828e-07,0.4567
2026-02-27T13:28:33.830338,1630,1,0.665134,0.8119,0.2154,0.7500,3.306012e-07,0.4592
2026-02-27T13:28:42.813999,1640,1,0.667237,0.4226,0.6178,0.2500,3.287153e-07,0.4617
2026-02-27T13:28:51.852426,1650,1,0.662200,1.1141,0.3155,1.0000,3.268255e-07,0.4642
2026-02-27T13:29:00.852999,1660,1,0.695405,1.5051,1.3022,0.5000,3.249318e-07,0.4667
2026-02-27T13:29:09.965619,1670,1,0.688729,1.2975,-0.0937,1.0000,3.230344e-07,0.4693
2026-02-27T13:29:18.961807,1680,1,0.658685,0.7046,-0.2287,0.5000,3.211334e-07,0.4718
2026-02-27T13:29:28.022711,1690,1,0.669778,0.4737,0.4751,0.5000,3.192289e-07,0.4743
2026-02-27T13:29:36.973273,1700,1,0.690781,0.5645,0.0915,0.7500,3.173212e-07,0.4768
2026-02-27T13:29:45.948102,1710,1,0.678548,0.4564,1.1116,0.5000,3.154103e-07,0.4793
2026-02-27T13:29:54.985203,1720,1,0.685916,0.4834,0.7392,0.2500,3.134964e-07,0.4818
2026-02-27T13:30:03.955777,1730,1,0.722547,0.3345,-0.0797,0.5000,3.115796e-07,0.4843
2026-02-27T13:30:13.114227,1740,1,0.709517,0.8262,0.2284,0.7500,3.096600e-07,0.4868
2026-02-27T13:30:22.199216,1750,1,0.682875,0.0411,0.1746,0.5000,3.077379e-07,0.4893
2026-02-27T13:30:31.372674,1760,1,0.688029,0.9911,1.0488,0.5000,3.058133e-07,0.4919
2026-02-27T13:30:40.416071,1770,1,0.724474,0.9751,-0.2869,1.0000,3.038865e-07,0.4944
2026-02-27T13:30:49.606501,1780,1,0.723070,0.1848,0.0991,0.2500,3.019574e-07,0.4969
2026-02-27T13:30:58.587693,1790,1,0.732446,0.3932,0.2201,0.7500,3.000264e-07,0.4994
2026-02-27T13:31:07.585177,1800,1,0.759145,0.6890,-0.1028,1.0000,2.980935e-07,0.5019
2026-02-27T13:31:24.743742,1810,1,0.735433,1.3825,1.0132,0.5000,2.961589e-07,0.5067
2026-02-27T13:31:33.779379,1820,1,0.701792,1.5190,1.1977,0.5000,2.942227e-07,0.5092
2026-02-27T13:31:42.701801,1830,1,0.712455,0.5531,0.0592,1.0000,2.922850e-07,0.5117
2026-02-27T13:31:51.770818,1840,1,0.698501,0.6119,0.5441,0.5000,2.903461e-07,0.5142
2026-02-27T13:32:00.730279,1850,1,0.692370,0.4449,0.6506,0.2500,2.884060e-07,0.5167
2026-02-27T13:32:09.713879,1860,1,0.765248,0.8568,1.1667,0.5000,2.864650e-07,0.5192
2026-02-27T13:32:18.798290,1870,2,0.761567,3.2254,-0.7092,1.0000,2.845230e-07,0.5217
2026-02-27T13:32:27.793952,1880,2,0.607935,3.6903,-2.7573,1.0000,2.825804e-07,0.5242
2026-02-27T13:32:36.890401,1890,2,0.483664,4.3148,-1.9180,1.0000,2.806372e-07,0.5267
