timestamp,step,loss,perplexity,learning_rate,tokens_per_sec,tokens_total,tokens_billions,elapsed_hours,val_loss,linux_bench_acc,stage
2026-03-05T16:24:45.524364,50,10.303858,29847.54,2.500000e-05,8396,1638400,0.0016,0.0542,,,1
2026-03-05T16:26:13.394129,100,9.738950,16965.71,5.000000e-05,11578,3276800,0.0033,0.0786,,,1
2026-03-05T16:27:40.808404,150,8.599986,5431.58,7.500000e-05,13269,4915200,0.0049,0.1029,,,1
2026-03-05T16:29:08.818628,200,7.599195,1996.59,1.000000e-04,14295,6553600,0.0066,0.1273,,,1
2026-03-05T16:30:36.483135,250,7.036235,1137.10,1.250000e-04,15001,8192000,0.0082,0.1517,,,1
2026-03-05T16:32:03.897004,300,6.757927,860.86,1.500000e-04,15517,9830400,0.0098,0.1760,,,1
2026-03-05T16:33:31.418046,350,6.458497,638.10,1.750000e-04,15906,11468800,0.0115,0.2003,,,1
2026-03-05T16:34:58.476104,400,6.174912,480.54,2.000000e-04,16220,13107200,0.0131,0.2245,,,1
2026-03-05T16:36:26.185987,450,6.010665,407.75,2.250000e-04,16461,14745600,0.0147,0.2488,,,1
2026-03-05T16:37:52.884476,500,5.897389,364.09,2.500000e-04,16676,16384000,0.0164,0.2729,,,1
2026-03-05T16:39:19.899967,550,5.742966,311.99,2.750000e-04,16851,18022400,0.0180,0.2971,,,1
2026-03-05T16:40:46.527892,600,5.613160,274.01,3.000000e-04,17005,19660800,0.0197,0.3212,,,1
2026-03-05T16:42:12.794776,650,5.506996,246.41,3.250000e-04,17143,21299200,0.0213,0.3451,,,1
2026-03-05T16:43:40.895998,700,5.400074,221.42,3.500000e-04,17240,22937600,0.0229,0.3696,,,1
2026-03-05T16:45:09.694981,750,5.301262,200.59,3.750000e-04,17315,24576000,0.0246,0.3943,,,1
2026-03-05T16:46:36.006652,800,5.062917,158.05,4.000000e-04,17411,26214400,0.0262,0.4182,,,1
2026-03-05T16:48:02.649539,850,4.812736,123.07,4.250000e-04,17492,27852800,0.0279,0.4423,,,1
2026-03-05T16:49:29.451858,900,4.942163,140.07,4.500000e-04,17564,29491200,0.0295,0.4664,,,1
2026-03-05T16:50:56.818279,950,5.152904,172.93,4.750000e-04,17623,31129600,0.0311,0.4907,,,1
2026-03-05T16:52:23.366184,1000,5.151550,172.70,5.000000e-04,17684,32768000,0.0328,0.5147,,,1
2026-03-05T16:53:03.802763,1000,5.151550,172.70,5.000000e-04,17306,32768000,0.0328,0.5260,5.720612,,1
2026-03-05T16:54:37.263394,1050,5.050424,156.09,5.250000e-04,17317,34406400,0.0344,0.5519,,,1
2026-03-05T16:56:03.621315,1100,4.964589,143.25,5.500000e-04,17386,36044800,0.0360,0.5759,,,1
2026-03-05T16:57:29.633227,1150,4.860653,129.11,5.750000e-04,17452,37683200,0.0377,0.5998,,,1
2026-03-05T16:58:55.558831,1200,4.748680,115.43,6.000000e-04,17514,39321600,0.0393,0.6237,,,1
2026-03-05T17:00:21.993653,1250,4.674832,107.21,6.250000e-04,17567,40960000,0.0410,0.6477,,,1
2026-03-05T17:01:48.371007,1300,4.618111,101.30,6.500000e-04,17617,42598400,0.0426,0.6717,,,1
2026-03-05T17:03:14.478636,1350,4.525309,92.32,6.750000e-04,17666,44236800,0.0442,0.6956,,,1
2026-03-05T17:04:40.519570,1400,4.455770,86.12,7.000000e-04,17711,45875200,0.0459,0.7195,,,1
2026-03-05T17:06:06.398513,1450,4.437006,84.52,7.250000e-04,17755,47513600,0.0475,0.7433,,,1
2026-03-05T17:07:32.575027,1500,4.313036,74.67,7.500000e-04,17795,49152000,0.0492,0.7673,,,1
2026-03-05T17:09:03.200148,1550,4.213365,67.58,7.750000e-04,17804,50790400,0.0508,0.7925,,,1
2026-03-05T17:10:29.707604,1600,4.136616,62.59,8.000000e-04,17837,52428800,0.0524,0.8165,,,1
2026-03-05T17:11:56.269674,1650,4.033501,56.46,8.250000e-04,17868,54067200,0.0541,0.8405,,,1
2026-03-05T17:13:22.408673,1700,4.033075,56.43,8.500000e-04,17900,55705600,0.0557,0.8645,,,1
2026-03-05T17:14:48.410340,1750,4.022420,55.84,8.750000e-04,17931,57344000,0.0573,0.8883,,,1
2026-03-05T17:16:14.938483,1800,4.025651,56.02,9.000000e-04,17957,58982400,0.0590,0.9124,,,1
2026-03-05T17:17:41.604866,1850,4.023835,55.92,9.250000e-04,17982,60620800,0.0606,0.9365,,,1
2026-03-05T17:19:07.543989,1900,3.953977,52.14,9.500000e-04,18009,62259200,0.0623,0.9603,,,1
2026-03-05T17:20:33.799794,1950,3.858730,47.41,9.750000e-04,18033,63897600,0.0639,0.9843,,,1
2026-03-05T17:22:00.244853,2000,3.789720,44.24,1.000000e-03,18055,65536000,0.0655,1.0083,,,1
2026-03-05T17:22:02.233611,2000,3.789720,44.24,1.000000e-03,18045,65536000,0.0655,1.0088,4.555192,,1
2026-03-05T17:23:41.958009,2050,3.860179,47.47,1.000000e-03,18002,67174400,0.0672,1.0366,,,1
2026-03-05T17:25:08.361450,2100,3.853709,47.17,1.000000e-03,18023,68812800,0.0688,1.0606,,,1
2026-03-05T17:26:34.511444,2150,3.788463,44.19,1.000000e-03,18045,70451200,0.0705,1.0845,,,1
2026-03-05T17:28:00.531749,2200,3.791001,44.30,1.000000e-03,18067,72089600,0.0721,1.1084,,,1
2026-03-05T17:29:26.570211,2250,3.791382,44.32,1.000000e-03,18087,73728000,0.0737,1.1323,,,1
2026-03-05T17:30:53.073159,2300,3.803493,44.86,1.000000e-03,18105,75366400,0.0754,1.1563,,,1
2026-03-05T17:32:19.618711,2350,3.774777,43.59,1.000000e-03,18122,77004800,0.0770,1.1803,,,1
2026-03-05T17:33:45.956451,2400,3.726151,41.52,1.000000e-03,18139,78643200,0.0786,1.2043,,,1
2026-03-05T17:35:12.304626,2450,3.677643,39.55,1.000000e-03,18155,80281600,0.0803,1.2283,,,1
2026-03-05T17:36:41.313118,2500,3.679783,39.64,1.000000e-03,18160,81920000,0.0819,1.2530,,,1
2026-03-05T17:38:07.705818,2550,3.688921,40.00,1.000000e-03,18175,83558400,0.0836,1.2770,,,1
2026-03-05T17:39:34.185719,2600,3.604595,36.77,1.000000e-03,18190,85196800,0.0852,1.3011,,,1
2026-03-05T17:41:00.668029,2650,3.603912,36.74,1.000000e-03,18203,86835200,0.0868,1.3251,,,1
2026-03-05T17:42:26.446095,2700,3.550012,34.81,1.000000e-03,18219,88473600,0.0885,1.3489,,,1
2026-03-05T17:43:54.255086,2750,3.521476,33.83,1.000000e-03,18227,90112000,0.0901,1.3733,,,1
2026-03-05T17:45:20.151155,2800,3.536552,34.35,1.000000e-03,18241,91750400,0.0918,1.3972,,,1
2026-03-05T17:46:46.141750,2850,3.487675,32.71,1.000000e-03,18255,93388800,0.0934,1.4210,,,1
2026-03-05T17:48:13.108224,2900,3.462200,31.89,1.000000e-03,18265,95027200,0.0950,1.4452,,,1
2026-03-05T17:49:39.878850,2950,3.168830,23.78,1.000000e-03,18275,96665600,0.0967,1.4693,,,1
2026-03-05T17:51:05.699688,3000,3.031595,20.73,1.000000e-03,18288,98304000,0.0983,1.4931,,,1
2026-03-05T17:51:07.692661,3000,3.031595,20.73,1.000000e-03,18281,98304000,0.0983,1.4937,4.200373,,1
2026-03-05T17:52:44.875989,3050,3.268570,26.27,1.000000e-03,18256,99942400,0.0999,1.5207,,,1
2026-03-05T17:54:11.030173,3100,3.371542,29.12,1.000000e-03,18268,101580800,0.1016,1.5446,,,1
2026-03-05T17:55:37.206661,3150,3.372563,29.15,1.000000e-03,18279,103219200,0.1032,1.5686,,,1
2026-03-05T17:57:04.325675,3200,3.413321,30.37,1.000000e-03,18287,104857600,0.1049,1.5928,,,1
2026-03-05T17:58:30.288027,3250,3.397880,29.90,1.000000e-03,18299,106496000,0.1065,1.6166,,,1
2026-03-05T17:59:56.348129,3300,3.340856,28.24,1.000000e-03,18309,108134400,0.1081,1.6405,,,1
2026-03-05T18:01:22.222687,3350,3.277230,26.50,1.000000e-03,18320,109772800,0.1098,1.6644,,,1
2026-03-05T18:02:48.324218,3400,3.310469,27.40,1.000000e-03,18330,111411200,0.1114,1.6883,,,1
2026-03-05T18:04:14.336812,3450,3.383247,29.47,1.000000e-03,18340,113049600,0.1130,1.7122,,,1
2026-03-05T18:05:41.277250,3500,3.407380,30.19,1.000000e-03,18347,114688000,0.1147,1.7364,,,1
2026-03-05T18:07:06.966941,3550,3.439813,31.18,1.000000e-03,18358,116326400,0.1163,1.7602,,,1
2026-03-05T18:08:33.290270,3600,3.369497,29.06,1.000000e-03,18366,117964800,0.1180,1.7841,,,1
2026-03-05T18:09:59.646915,3650,3.352923,28.59,1.000000e-03,18374,119603200,0.1196,1.8081,,,1
2026-03-05T18:11:25.627117,3700,3.426747,30.78,1.000000e-03,18383,121241600,0.1212,1.8320,,,1
2026-03-05T18:12:51.610618,3750,3.481354,32.50,1.000000e-03,18392,122880000,0.1229,1.8559,,,1
2026-03-05T18:14:18.017909,3800,3.481629,32.51,1.000000e-03,18399,124518400,0.1245,1.8799,,,1
2026-03-05T18:15:44.245734,3850,3.423382,30.67,1.000000e-03,18407,126156800,0.1262,1.9039,,,1
2026-03-05T18:17:10.440730,3900,3.432380,30.95,1.000000e-03,18414,127795200,0.1278,1.9278,,,1
2026-03-05T18:18:37.776419,3950,3.421374,30.61,1.000000e-03,18418,129433600,0.1294,1.9521,,,1
2026-03-05T18:20:03.806146,4000,3.338297,28.17,1.000000e-03,18426,131072000,0.1311,1.9760,,,1
2026-03-05T18:20:05.800629,4000,3.338297,28.17,1.000000e-03,18421,131072000,0.1311,1.9765,3.971866,,1
2026-03-05T18:21:45.828766,4050,3.287979,26.79,1.000000e-03,18393,132710400,0.1327,2.0043,,,1
2026-03-05T18:23:11.934210,4100,3.316124,27.55,1.000000e-03,18400,134348800,0.1343,2.0282,,,1
2026-03-05T18:24:39.620041,4150,3.346657,28.41,1.000000e-03,18403,135987200,0.1360,2.0526,,,1
2026-03-05T18:26:06.019314,4200,3.300841,27.14,1.000000e-03,18410,137625600,0.1376,2.0766,,,1
2026-03-05T18:27:32.766929,4250,3.248370,25.75,1.000000e-03,18415,139264000,0.1393,2.1007,,,1
2026-03-05T18:29:02.744419,4300,3.318933,27.63,1.000000e-03,18413,140902400,0.1409,2.1257,,,1
2026-03-05T18:30:30.329941,4350,3.349576,28.49,1.000000e-03,18416,142540800,0.1425,2.1500,,,1
2026-03-05T18:31:57.209423,4400,3.236247,25.44,1.000000e-03,18421,144179200,0.1442,2.1741,,,1
2026-03-05T18:33:24.007374,4450,3.170760,23.83,1.000000e-03,18426,145817600,0.1458,2.1982,,,1
2026-03-05T18:34:51.132805,4500,3.137751,23.05,1.000000e-03,18430,147456000,0.1475,2.2224,,,1
2026-03-05T18:36:18.472329,4550,3.072650,21.60,1.000000e-03,18434,149094400,0.1491,2.2467,,,1
2026-03-05T18:37:45.292905,4600,3.084708,21.86,1.000000e-03,18438,150732800,0.1507,2.2708,,,1
2026-03-05T18:39:11.518055,4650,3.157006,23.50,1.000000e-03,18444,152371200,0.1524,2.2948,,,1
2026-03-05T18:40:38.135931,4700,3.167638,23.75,1.000000e-03,18449,154009600,0.1540,2.3188,,,1
2026-03-05T18:42:05.751127,4750,3.227216,25.21,1.000000e-03,18452,155648000,0.1556,2.3432,,,1
2026-03-05T18:43:33.791934,4800,3.212957,24.85,1.000000e-03,18453,157286400,0.1573,2.3676,,,1
2026-03-05T18:45:00.852339,4850,2.957265,19.25,1.000000e-03,18457,158924800,0.1589,2.3918,,,1
2026-03-05T18:46:29.880334,4900,3.049781,21.11,1.000000e-03,18457,160563200,0.1606,2.4165,,,1
2026-03-05T18:48:00.778077,4950,3.264905,26.18,1.000000e-03,18452,162201600,0.1622,2.4418,,,1
2026-03-05T18:49:28.034112,5000,3.190995,24.31,1.000000e-03,18455,163840000,0.1638,2.4660,,,1
2026-03-05T18:49:30.076735,5000,3.190995,24.31,1.000000e-03,18451,163840000,0.1638,2.4666,3.841781,,1
2026-03-05T18:51:07.524729,5050,3.240478,25.55,1.000000e-03,18433,165478400,0.1655,2.4937,,,1
2026-03-05T18:52:36.254339,5100,3.314208,27.50,1.000000e-03,18434,167116800,0.1671,2.5183,,,1
2026-03-05T18:54:02.568803,5150,3.262632,26.12,1.000000e-03,18439,168755200,0.1688,2.5423,,,1
2026-03-05T18:55:31.901203,5200,3.229398,25.26,1.000000e-03,18438,170393600,0.1704,2.5671,,,1
2026-03-05T18:56:57.693756,5250,3.265888,26.20,1.000000e-03,18444,172032000,0.1720,2.5909,,,1
2026-03-05T18:58:24.187940,5300,3.257621,25.99,1.000000e-03,18448,173670400,0.1737,2.6149,,,1
2026-03-05T18:59:50.643058,5350,3.102250,22.25,1.000000e-03,18453,175308800,0.1753,2.6390,,,1
2026-03-05T19:01:16.950741,5400,3.152270,23.39,1.000000e-03,18458,176947200,0.1769,2.6629,,,1
2026-03-05T19:02:43.564601,5450,3.259595,26.04,1.000000e-03,18462,178585600,0.1786,2.6870,,,1
2026-03-05T19:04:11.131096,5500,3.204616,24.65,1.000000e-03,18464,180224000,0.1802,2.7113,,,1
2026-03-05T19:05:37.862503,5550,3.211301,24.81,1.000000e-03,18468,181862400,0.1819,2.7354,,,1
2026-03-05T19:07:04.291025,5600,3.159140,23.55,1.000000e-03,18472,183500800,0.1835,2.7594,,,1
2026-03-05T19:08:30.392863,5650,3.155383,23.46,1.000000e-03,18477,185139200,0.1851,2.7833,,,1
2026-03-05T19:09:56.675936,5700,3.218884,25.00,1.000000e-03,18481,186777600,0.1868,2.8073,,,1
2026-03-05T19:11:24.407369,5750,3.255607,25.94,1.000000e-03,18483,188416000,0.1884,2.8317,,,1
2026-03-05T19:12:50.577026,5800,3.210876,24.80,1.000000e-03,18487,190054400,0.1901,2.8556,,,1
2026-03-05T19:14:17.115718,5850,3.174570,23.92,1.000000e-03,18491,191692800,0.1917,2.8796,,,1
2026-03-05T19:15:43.378006,5900,3.218808,25.00,1.000000e-03,18495,193331200,0.1933,2.9036,,,1
2026-03-05T19:17:09.924659,5950,3.248248,25.75,1.000000e-03,18499,194969600,0.1950,2.9277,,,1
2026-03-05T19:18:36.596077,6000,3.209887,24.78,1.000000e-03,18502,196608000,0.1966,2.9517,,,1
2026-03-05T19:18:38.606543,6000,3.209887,24.78,1.000000e-03,18499,196608000,0.1966,2.9523,3.723156,,1
2026-03-05T19:20:20.465944,6050,3.171796,23.85,1.000000e-03,18476,198246400,0.1982,2.9806,,,1
2026-03-05T19:21:48.103781,6100,3.154748,23.45,1.000000e-03,18478,199884800,0.1999,3.0049,,,1
2026-03-05T19:23:14.741343,6150,3.156741,23.49,1.000000e-03,18481,201523200,0.2015,3.0290,,,1
2026-03-05T19:24:41.694533,6200,3.116912,22.58,1.000000e-03,18484,203161600,0.2032,3.0531,,,1
2026-03-05T19:26:08.290555,6250,3.118424,22.61,1.000000e-03,18487,204800000,0.2048,3.0772,,,1
2026-03-05T19:27:34.620779,6300,3.207439,24.72,1.000000e-03,18491,206438400,0.2064,3.1012,,,1
2026-03-05T19:29:01.090332,6350,3.245437,25.67,1.000000e-03,18495,208076800,0.2081,3.1252,,,1
2026-03-05T19:30:27.734874,6400,3.274939,26.44,1.000000e-03,18498,209715200,0.2097,3.1493,,,1
2026-03-05T19:31:54.317940,6450,3.318951,27.63,1.000000e-03,18501,211353600,0.2114,3.1733,,,1
2026-03-05T19:33:21.567058,6500,3.299907,27.11,1.000000e-03,18503,212992000,0.2130,3.1976,,,1
2026-03-05T19:34:48.087961,6550,3.234940,25.40,1.000000e-03,18506,214630400,0.2146,3.2216,,,1
2026-03-05T19:36:14.652068,6600,3.227076,25.21,1.000000e-03,18509,216268800,0.2163,3.2456,,,1
2026-03-05T19:37:44.751006,6650,3.126298,22.79,1.000000e-03,18507,217907200,0.2179,3.2707,,,1
2026-03-05T19:39:11.669462,6700,3.003720,20.16,1.000000e-03,18509,219545600,0.2195,3.2948,,,1
2026-03-05T19:40:37.628185,6750,3.077509,21.70,1.000000e-03,18513,221184000,0.2212,3.3187,,,1
2026-03-05T19:42:04.148079,6800,3.009255,20.27,1.000000e-03,18516,222822400,0.2228,3.3427,,,1
2026-03-05T19:43:30.427825,6850,2.841519,17.14,1.000000e-03,18520,224460800,0.2245,3.3667,,,1
2026-03-05T19:44:56.713107,6900,3.008038,20.25,1.000000e-03,18523,226099200,0.2261,3.3906,,,1
2026-03-05T19:46:23.381983,6950,3.193744,24.38,1.000000e-03,18526,227737600,0.2277,3.4147,,,1
2026-03-05T19:47:49.715334,7000,3.091795,22.02,1.000000e-03,18529,229376000,0.2294,3.4387,,,1
2026-03-05T19:47:51.711586,7000,3.091795,22.02,1.000000e-03,18526,229376000,0.2294,3.4393,3.662801,,1
2026-03-05T19:49:23.387044,7050,2.966891,19.43,1.000000e-03,18521,231014400,0.2310,3.4647,,,1
2026-03-05T19:50:50.102051,7100,3.028866,20.67,1.000000e-03,18524,232652800,0.2327,3.4888,,,1
2026-03-05T19:52:16.238981,7150,3.087433,21.92,1.000000e-03,18527,234291200,0.2343,3.5127,,,1
2026-03-05T19:53:42.950886,7200,3.095719,22.10,1.000000e-03,18530,235929600,0.2359,3.5368,,,1
2026-03-05T19:55:09.294719,7250,3.096040,22.11,1.000000e-03,18533,237568000,0.2376,3.5608,,,1
2026-03-05T19:56:35.728296,7300,3.102993,22.26,1.000000e-03,18535,239206400,0.2392,3.5848,,,1
2026-03-05T19:58:03.135184,7350,3.143812,23.19,1.000000e-03,18537,240844800,0.2408,3.6091,,,1
2026-03-05T19:59:29.684354,7400,3.110458,22.43,1.000000e-03,18539,242483200,0.2425,3.6331,,,1
2026-03-05T20:00:56.265281,7450,3.111865,22.46,1.000000e-03,18542,244121600,0.2441,3.6572,,,1
2026-03-05T20:02:22.188082,7500,3.144382,23.21,1.000000e-03,18545,245760000,0.2458,3.6811,,,1
2026-03-05T20:03:48.530443,7550,3.191616,24.33,1.000000e-03,18548,247398400,0.2474,3.7050,,,1
2026-03-05T20:05:15.243867,7600,3.211057,24.81,1.000000e-03,18550,249036800,0.2490,3.7291,,,1
2026-03-05T20:06:41.276138,7650,3.226027,25.18,1.000000e-03,18554,250675200,0.2507,3.7530,,,1
2026-03-05T20:08:09.333461,7700,3.181302,24.08,1.000000e-03,18554,252313600,0.2523,3.7775,,,1
2026-03-05T20:09:35.488062,7750,3.121159,22.67,1.000000e-03,18557,253952000,0.2540,3.8014,,,1
2026-03-05T20:11:02.189864,7800,3.190192,24.29,1.000000e-03,18559,255590400,0.2556,3.8255,,,1
2026-03-05T20:12:27.826984,7850,3.079561,21.75,1.000000e-03,18562,257228800,0.2572,3.8493,,,1
2026-03-05T20:13:54.433444,7900,2.990987,19.91,1.000000e-03,18565,258867200,0.2589,3.8733,,,1
2026-03-05T20:15:20.912683,7950,3.097869,22.15,1.000000e-03,18567,260505600,0.2605,3.8974,,,1
2026-03-05T20:16:47.486512,8000,3.049453,21.10,1.000000e-03,18569,262144000,0.2621,3.9214,,,1
2026-03-05T20:16:49.479256,8000,3.049453,21.10,1.000000e-03,18567,262144000,0.2621,3.9220,3.440758,,1
2026-03-05T20:18:28.369193,8050,2.998752,20.06,1.000000e-03,18553,263782400,0.2638,3.9494,,,1
2026-03-05T20:19:55.083328,8100,3.007260,20.23,1.000000e-03,18555,265420800,0.2654,3.9735,,,1
2026-03-05T20:21:21.281898,8150,3.012541,20.34,1.000000e-03,18557,267059200,0.2671,3.9975,,,1
2026-03-05T20:22:47.778995,8200,3.151012,23.36,1.000000e-03,18560,268697600,0.2687,4.0215,,,1
2026-03-05T20:24:14.231676,8250,3.239942,25.53,1.000000e-03,18562,270336000,0.2703,4.0455,,,1
2026-03-05T20:25:41.181455,8300,3.213622,24.87,1.000000e-03,18564,271974400,0.2720,4.0697,,,1
2026-03-05T20:27:07.152826,8350,3.203775,24.63,1.000000e-03,18567,273612800,0.2736,4.0935,,,1
2026-03-05T20:28:33.697829,8400,3.193186,24.37,1.000000e-03,18569,275251200,0.2753,4.1176,,,1
2026-03-05T20:29:59.955099,8450,3.159721,23.56,1.000000e-03,18571,276889600,0.2769,4.1415,,,1
2026-03-05T20:31:28.558365,8500,3.169242,23.79,1.000000e-03,18571,278528000,0.2785,4.1662,,,1
2026-03-05T20:32:54.758353,8550,3.120684,22.66,1.000000e-03,18573,280166400,0.2802,4.1901,,,1
2026-03-05T20:34:21.285916,8600,3.089378,21.96,1.000000e-03,18575,281804800,0.2818,4.2141,,,1
2026-03-05T20:35:47.564886,8650,3.092628,22.03,1.000000e-03,18578,283443200,0.2834,4.2381,,,1
2026-03-05T20:37:14.469211,8700,3.048879,21.09,1.000000e-03,18579,285081600,0.2851,4.2622,,,1
2026-03-05T20:38:40.464398,8750,3.079614,21.75,1.000000e-03,18582,286720000,0.2867,4.2861,,,1
2026-03-05T20:40:07.198803,8800,3.127788,22.82,1.000000e-03,18584,288358400,0.2884,4.3102,,,1
2026-03-05T20:41:33.025956,8850,3.063394,21.40,1.000000e-03,18586,289996800,0.2900,4.3341,,,1
2026-03-05T20:42:59.612070,8900,2.932473,18.77,1.000000e-03,18588,291635200,0.2916,4.3581,,,1
2026-03-05T20:44:26.006932,8950,2.963897,19.37,1.000000e-03,18590,293273600,0.2933,4.3821,,,1
2026-03-05T20:45:52.333947,9000,3.126628,22.80,1.000000e-03,18592,294912000,0.2949,4.4061,,,1
2026-03-05T20:45:54.326552,9000,3.126628,22.80,1.000000e-03,18590,294912000,0.2949,4.4067,3.476621,,1
2026-03-05T20:47:33.765607,9050,3.194193,24.39,1.000000e-03,18577,296550400,0.2966,4.4343,,,1
2026-03-05T20:49:00.647623,9100,3.171434,23.84,1.000000e-03,18578,298188800,0.2982,4.4584,,,1
2026-03-05T20:50:27.258087,9150,3.154399,23.44,1.000000e-03,18580,299827200,0.2998,4.4825,,,1
2026-03-05T20:51:53.320700,9200,3.082748,21.82,1.000000e-03,18583,301465600,0.3015,4.5064,,,1
2026-03-05T20:53:19.562005,9250,3.060915,21.35,1.000000e-03,18585,303104000,0.3031,4.5303,,,1
2026-03-05T20:54:47.163829,9300,3.105842,22.33,1.000000e-03,18585,304742400,0.3047,4.5547,,,1
2026-03-05T20:56:13.513510,9350,3.118064,22.60,1.000000e-03,18588,306380800,0.3064,4.5786,,,1
2026-03-05T20:57:49.484243,9400,3.072013,21.59,1.000000e-03,18579,308019200,0.3080,4.6053,,,1
2026-03-05T21:00:14.497451,9450,2.928270,18.70,1.000000e-03,18516,309657600,0.3097,4.6456,,,1
2026-03-05T21:02:34.332399,9500,2.772395,16.00,1.000000e-03,18459,311296000,0.3113,4.6844,,,1
2026-03-05T21:04:53.686106,9550,2.673268,14.49,1.000000e-03,18404,312934400,0.3129,4.7231,,,1
2026-03-05T21:07:16.192999,9600,2.646729,14.11,1.000000e-03,18347,314572800,0.3146,4.7627,,,1
2026-03-05T21:09:34.923109,9650,2.723205,15.23,1.000000e-03,18294,316211200,0.3162,4.8013,,,1
2026-03-05T21:11:59.125937,9700,2.932973,18.78,1.000000e-03,18237,317849600,0.3178,4.8413,,,1
2026-03-05T21:14:23.778879,9750,3.082525,21.81,1.000000e-03,18180,319488000,0.3195,4.8815,,,1
2026-03-05T21:16:47.359046,9800,3.064171,21.42,1.000000e-03,18125,321126400,0.3211,4.9214,,,1
2026-03-05T21:19:11.113858,9850,3.072183,21.59,1.000000e-03,18071,322764800,0.3228,4.9613,,,1
2026-03-05T21:21:34.600076,9900,3.083445,21.83,1.000000e-03,18018,324403200,0.3244,5.0012,,,1
2026-03-05T21:23:58.147426,9950,3.013806,20.36,1.000000e-03,17966,326041600,0.3260,5.0410,,,1
2026-03-05T21:26:16.526449,10000,3.038500,20.87,1.000000e-03,17920,327680000,0.3277,5.0795,,,1
2026-03-05T21:26:19.629080,10000,3.038500,20.87,1.000000e-03,17917,327680000,0.3277,5.0803,3.496697,,1
2026-03-05T21:30:44.042608,10000,3.038500,20.87,1.000000e-03,17661,327680000,0.3277,5.1538,,0.1550,1
2026-03-05T21:33:18.295002,10050,3.062962,21.39,1.000000e-03,17603,329318400,0.3293,5.1966,,,1
2026-03-05T21:35:42.993104,10100,2.985162,19.79,1.000000e-03,17555,330956800,0.3310,5.2368,,,1
2026-03-05T21:38:11.491345,10150,2.972555,19.54,1.000000e-03,17504,332595200,0.3326,5.2781,,,1
2026-03-05T21:40:38.994872,10200,2.939494,18.91,1.000000e-03,17455,334233600,0.3342,5.3191,,,1
2026-03-05T21:43:06.481154,10250,2.842775,17.16,1.000000e-03,17406,335872000,0.3359,5.3600,,,1
2026-03-05T21:45:27.635855,10300,2.893016,18.05,1.000000e-03,17364,337510400,0.3375,5.3992,,,1
2026-03-05T21:47:41.321845,10350,2.947203,19.05,1.000000e-03,17329,339148800,0.3391,5.4364,,,1
2026-03-05T21:49:53.235249,10400,2.921167,18.56,1.000000e-03,17296,340787200,0.3408,5.4730,,,1
2026-03-05T21:52:09.919477,10450,2.967190,19.44,1.000000e-03,17260,342425600,0.3424,5.5110,,,1
2026-03-05T21:54:17.939886,10500,3.020160,20.49,1.000000e-03,17231,344064000,0.3441,5.5465,,,1
2026-03-05T21:56:31.364263,10550,3.021236,20.52,1.000000e-03,17198,345702400,0.3457,5.5836,,,1
2026-03-05T21:58:45.358602,10600,2.969015,19.47,1.000000e-03,17165,347340800,0.3473,5.6208,,,1
2026-03-05T22:01:02.832435,10650,3.001239,20.11,1.000000e-03,17130,348979200,0.3490,5.6590,,,1
2026-03-05T22:03:19.653352,10700,3.015931,20.41,1.000000e-03,17096,350617600,0.3506,5.6970,,,1
2026-03-05T22:05:30.817448,10750,2.961034,19.32,1.000000e-03,17066,352256000,0.3523,5.7335,,,1
2026-03-05T22:07:12.172147,10800,2.927150,18.67,1.000000e-03,17062,353894400,0.3539,5.7616,,,1
2026-03-05T22:08:39.116096,10850,2.865228,17.55,1.000000e-03,17069,355532800,0.3555,5.7858,,,1
2026-03-05T22:10:06.416035,10900,2.927089,18.67,1.000000e-03,17076,357171200,0.3572,5.8100,,,1
2026-03-05T22:11:33.736930,10950,2.941307,18.94,1.000000e-03,17083,358809600,0.3588,5.8343,,,1
2026-03-05T22:13:00.250920,11000,2.903572,18.24,1.000000e-03,17091,360448000,0.3604,5.8583,,,1
2026-03-05T22:13:02.243380,11000,2.903572,18.24,1.000000e-03,17089,360448000,0.3604,5.8589,3.472183,,1
2026-03-05T22:14:41.320334,11050,2.956435,19.23,1.000000e-03,17087,362086400,0.3621,5.8864,,,1
2026-03-05T22:16:07.852051,11100,3.024689,20.59,1.000000e-03,17094,363724800,0.3637,5.9104,,,1
2026-03-05T22:17:34.718851,11150,3.020214,20.50,1.000000e-03,17102,365363200,0.3654,5.9345,,,1
2026-03-05T22:19:04.118519,11200,2.998819,20.06,1.000000e-03,17107,367001600,0.3670,5.9594,,,1
2026-03-05T22:20:30.533101,11250,3.008804,20.26,1.000000e-03,17114,368640000,0.3686,5.9834,,,1
2026-03-05T22:21:56.855226,11300,2.973912,19.57,1.000000e-03,17122,370278400,0.3703,6.0074,,,1
2026-03-05T22:23:23.546143,11350,3.037148,20.85,1.000000e-03,17129,371916800,0.3719,6.0314,,,1
2026-03-05T22:24:50.172699,11400,3.037121,20.85,1.000000e-03,17136,373555200,0.3736,6.0555,,,1
2026-03-05T22:26:16.723235,11450,2.934965,18.82,1.000000e-03,17143,375193600,0.3752,6.0795,,,1
2026-03-05T22:27:44.525009,11500,2.920561,18.55,1.000000e-03,17149,376832000,0.3768,6.1039,,,1
2026-03-05T22:29:10.715968,11550,2.982097,19.73,1.000000e-03,17156,378470400,0.3785,6.1279,,,1
2026-03-05T22:30:37.095340,11600,2.948945,19.09,1.000000e-03,17163,380108800,0.3801,6.1519,,,1
2026-03-05T22:32:04.026228,11650,2.989670,19.88,1.000000e-03,17170,381747200,0.3817,6.1760,,,1
2026-03-05T22:33:30.083066,11700,3.010295,20.29,1.000000e-03,17177,383385600,0.3834,6.1999,,,1
2026-03-05T22:34:57.273612,11750,2.899728,18.17,1.000000e-03,17183,385024000,0.3850,6.2241,,,1
2026-03-05T22:36:23.406792,11800,2.908926,18.34,1.000000e-03,17190,386662400,0.3867,6.2481,,,1
2026-03-05T22:37:49.960108,11850,2.938578,18.89,1.000000e-03,17197,388300800,0.3883,6.2721,,,1
2026-03-05T22:39:18.031047,11900,2.959668,19.29,1.000000e-03,17202,389939200,0.3899,6.2966,,,1
2026-03-05T22:40:44.406666,11950,3.006709,20.22,1.000000e-03,17209,391577600,0.3916,6.3206,,,1
2026-03-05T22:42:10.895737,12000,3.039260,20.89,1.000000e-03,17216,393216000,0.3932,6.3446,,,1
2026-03-05T22:42:12.889163,12000,3.039260,20.89,1.000000e-03,17214,393216000,0.3932,6.3451,3.501147,,1
2026-03-05T22:43:54.162663,12050,2.999149,20.07,1.000000e-03,17210,394854400,0.3949,6.3733,,,1
2026-03-05T22:45:20.764497,12100,2.985822,19.80,1.000000e-03,17216,396492800,0.3965,6.3973,,,1
2026-03-05T22:46:46.902310,12150,3.004223,20.17,1.000000e-03,17223,398131200,0.3981,6.4213,,,1
2026-03-05T22:48:13.508304,12200,2.996689,20.02,1.000000e-03,17229,399769600,0.3998,6.4453,,,1
2026-03-05T22:49:39.643695,12250,2.971883,19.53,1.000000e-03,17236,401408000,0.4014,6.4692,,,1
2026-03-05T22:51:06.424527,12300,3.016139,20.41,1.000000e-03,17242,403046400,0.4030,6.4933,,,1
2026-03-05T22:52:32.647436,12350,3.011988,20.33,1.000000e-03,17248,404684800,0.4047,6.5173,,,1
2026-03-05T22:53:59.125183,12400,2.979203,19.67,1.000000e-03,17255,406323200,0.4063,6.5413,,,1
2026-03-05T22:55:25.777235,12450,3.078348,21.72,1.000000e-03,17261,407961600,0.4080,6.5654,,,1
2026-03-05T22:56:52.180255,12500,3.069621,21.53,1.000000e-03,17267,409600000,0.4096,6.5894,,,1
2026-03-05T22:58:18.778046,12550,3.013927,20.37,1.000000e-03,17273,411238400,0.4112,6.6134,,,1
2026-03-05T22:59:45.662835,12600,3.023271,20.56,1.000000e-03,17279,412876800,0.4129,6.6376,,,1
2026-03-05T23:01:13.660580,12650,3.011753,20.32,1.000000e-03,17284,414515200,0.4145,6.6620,,,1
2026-03-05T23:02:40.265781,12700,2.982471,19.74,1.000000e-03,17289,416153600,0.4162,6.6861,,,1
2026-03-05T23:04:06.573374,12750,2.978158,19.65,1.000000e-03,17295,417792000,0.4178,6.7101,,,1
2026-03-05T23:05:32.919099,12800,2.922773,18.59,1.000000e-03,17301,419430400,0.4194,6.7340,,,1
2026-03-05T23:07:02.512451,12850,2.850020,17.29,1.000000e-03,17305,421068800,0.4211,6.7589,,,1
2026-03-05T23:08:28.702985,12900,2.845145,17.20,1.000000e-03,17311,422707200,0.4227,6.7829,,,1
2026-03-05T23:09:55.122564,12950,2.934621,18.81,1.000000e-03,17317,424345600,0.4243,6.8069,,,1
2026-03-05T23:11:21.402575,13000,2.962028,19.34,1.000000e-03,17323,425984000,0.4260,6.8308,,,1
2026-03-05T23:11:23.490677,13000,2.962028,19.34,1.000000e-03,17321,425984000,0.4260,6.8314,3.490593,,1
2026-03-05T23:12:59.882729,13050,2.899099,18.16,1.000000e-03,17320,427622400,0.4276,6.8582,,,1
2026-03-05T23:14:25.941237,13100,2.976466,19.62,1.000000e-03,17326,429260800,0.4293,6.8821,,,1
2026-03-05T23:15:52.541024,13150,2.951423,19.13,1.000000e-03,17332,430899200,0.4309,6.9062,,,1
2026-03-05T23:17:18.580510,13200,2.927043,18.67,1.000000e-03,17337,432537600,0.4325,6.9301,,,1
2026-03-05T23:18:45.343187,13250,2.851788,17.32,1.000000e-03,17343,434176000,0.4342,6.9542,,,1
2026-03-05T23:20:11.288584,13300,2.608327,13.58,1.000000e-03,17349,435814400,0.4358,6.9780,,,1
2026-03-05T23:21:37.609053,13350,2.695449,14.81,1.000000e-03,17354,437452800,0.4375,7.0020,,,1
2026-03-05T23:23:05.158589,13400,2.954440,19.19,1.000000e-03,17359,439091200,0.4391,7.0263,,,1
2026-03-05T23:24:32.491109,13450,2.967273,19.44,1.000000e-03,17364,440729600,0.4407,7.0506,,,1
2026-03-05T23:25:58.598938,13500,2.862776,17.51,1.000000e-03,17369,442368000,0.4424,7.0745,,,1
2026-03-05T23:27:25.029659,13550,2.903493,18.24,1.000000e-03,17375,444006400,0.4440,7.0985,,,1
2026-03-05T23:28:51.465759,13600,2.968176,19.46,1.000000e-03,17380,445644800,0.4456,7.1225,,,1
2026-03-05T23:30:17.989032,13650,2.998394,20.05,1.000000e-03,17385,447283200,0.4473,7.1466,,,1
2026-03-05T23:31:44.331328,13700,3.045939,21.03,1.000000e-03,17391,448921600,0.4489,7.1705,,,1
2026-03-05T23:33:12.482397,13750,3.036550,20.83,1.000000e-03,17395,450560000,0.4506,7.1950,,,1
2026-03-05T23:34:38.839716,13800,2.991798,19.92,1.000000e-03,17400,452198400,0.4522,7.2190,,,1
2026-03-05T23:36:05.008068,13850,3.026779,20.63,1.000000e-03,17405,453836800,0.4538,7.2430,,,1
2026-03-05T23:37:31.122956,13900,3.060518,21.34,1.000000e-03,17411,455475200,0.4555,7.2669,,,1
2026-03-05T23:38:57.495917,13950,2.997238,20.03,1.000000e-03,17416,457113600,0.4571,7.2909,,,1
2026-03-05T23:40:23.738784,14000,2.946441,19.04,1.000000e-03,17421,458752000,0.4588,7.3148,,,1
2026-03-05T23:40:25.728738,14000,2.946441,19.04,1.000000e-03,17420,458752000,0.4588,7.3154,3.488203,,1
2026-03-05T23:42:07.715204,14050,2.902405,18.22,1.000000e-03,17414,460390400,0.4604,7.3437,,,1
2026-03-05T23:43:33.539224,14100,2.843702,17.18,1.000000e-03,17420,462028800,0.4620,7.3675,,,1
2026-03-05T23:44:59.836087,14150,2.862378,17.50,1.000000e-03,17425,463667200,0.4637,7.3915,,,1
2026-03-05T23:46:25.987688,14200,2.990157,19.89,1.000000e-03,17430,465305600,0.4653,7.4154,,,1
2026-03-05T23:47:52.120811,14250,3.004269,20.17,1.000000e-03,17435,466944000,0.4669,7.4394,,,1
2026-03-05T23:49:19.753885,14300,2.946053,19.03,1.000000e-03,17439,468582400,0.4686,7.4637,,,1
2026-03-05T23:50:45.818205,14350,2.912079,18.39,1.000000e-03,17444,470220800,0.4702,7.4876,,,1
2026-03-05T23:52:12.179332,14400,2.861470,17.49,1.000000e-03,17449,471859200,0.4719,7.5116,,,1
2026-03-05T23:53:38.344703,14450,2.858841,17.44,1.000000e-03,17454,473497600,0.4735,7.5355,,,1
2026-03-05T23:55:04.571978,14500,2.903056,18.23,1.000000e-03,17459,475136000,0.4751,7.5595,,,1
2026-03-05T23:56:30.903692,14550,2.870794,17.65,1.000000e-03,17464,476774400,0.4768,7.5835,,,1
2026-03-05T23:57:57.102154,14600,2.910373,18.36,1.000000e-03,17469,478412800,0.4784,7.6074,,,1
2026-03-05T23:59:23.687960,14650,2.934034,18.80,1.000000e-03,17473,480051200,0.4801,7.6315,,,1
2026-03-06T00:00:49.995421,14700,2.882517,17.86,1.000000e-03,17478,481689600,0.4817,7.6554,,,1
2026-03-06T00:02:16.352876,14750,2.874798,17.72,1.000000e-03,17483,483328000,0.4833,7.6794,,,1
2026-03-06T00:03:42.639304,14800,2.884072,17.89,1.000000e-03,17487,484966400,0.4850,7.7034,,,1
2026-03-06T00:05:09.071029,14850,2.827097,16.90,1.000000e-03,17492,486604800,0.4866,7.7274,,,1
2026-03-06T00:06:36.726880,14900,2.816754,16.72,1.000000e-03,17496,488243200,0.4882,7.7518,,,1
2026-03-06T00:08:02.774578,14950,2.883914,17.88,1.000000e-03,17501,489881600,0.4899,7.7757,,,1
2026-03-06T00:09:28.844076,15000,2.940775,18.93,1.000000e-03,17505,491520000,0.4915,7.7996,,,1
2026-03-06T00:09:30.830856,15000,2.940775,18.93,1.000000e-03,17504,491520000,0.4915,7.8001,3.462476,,1
2026-03-06T00:11:07.618220,15050,2.927003,18.67,1.000000e-03,17502,493158400,0.4932,7.8270,,,1
2026-03-06T00:12:34.285773,15100,2.881480,17.84,1.000000e-03,17506,494796800,0.4948,7.8511,,,1
2026-03-06T00:14:00.213019,15150,2.970398,19.50,1.000000e-03,17511,496435200,0.4964,7.8750,,,1
2026-03-06T00:15:26.469544,15200,2.968675,19.47,1.000000e-03,17516,498073600,0.4981,7.8989,,,1
2026-03-06T00:16:55.806526,15250,2.938556,18.89,1.000000e-03,17518,499712000,0.4997,7.9237,,,1
2026-03-06T00:18:22.094795,15300,2.860334,17.47,1.000000e-03,17523,501350400,0.5014,7.9477,,,1
2026-03-06T00:19:48.718077,15350,2.842676,17.16,1.000000e-03,17527,502988800,0.5030,7.9718,,,1
2026-03-06T00:21:14.718850,15400,2.874583,17.72,1.000000e-03,17531,504627200,0.5046,7.9957,,,1
2026-03-06T00:22:41.325553,15450,2.860739,17.47,1.000000e-03,17535,506265600,0.5063,8.0197,,,1
2026-03-06T00:24:07.379822,15500,2.920137,18.54,1.000000e-03,17540,507904000,0.5079,8.0436,,,1
2026-03-06T00:25:33.560522,15550,2.936518,18.85,1.000000e-03,17544,509542400,0.5095,8.0676,,,1
2026-03-06T00:26:59.825425,15600,2.919670,18.54,1.000000e-03,17549,511180800,0.5112,8.0915,,,1
2026-03-06T00:28:25.915076,15650,2.916043,18.47,1.000000e-03,17553,512819200,0.5128,8.1154,,,1
2026-03-06T00:29:52.106411,15700,2.898496,18.15,1.000000e-03,17557,514457600,0.5145,8.1394,,,1
2026-03-06T00:31:18.363155,15750,2.922754,18.59,1.000000e-03,17561,516096000,0.5161,8.1633,,,1
2026-03-06T00:32:44.603108,15800,2.958122,19.26,1.000000e-03,17566,517734400,0.5177,8.1873,,,1
2026-03-06T00:34:10.664296,15850,2.960482,19.31,1.000000e-03,17570,519372800,0.5194,8.2112,,,1
2026-03-06T00:35:37.142769,15900,2.984002,19.77,1.000000e-03,17574,521011200,0.5210,8.2352,,,1
2026-03-06T00:37:03.357750,15950,3.009172,20.27,1.000000e-03,17578,522649600,0.5226,8.2592,,,1
2026-03-06T00:38:29.906254,16000,2.974434,19.58,1.000000e-03,17582,524288000,0.5243,8.2832,,,1
2026-03-06T00:38:31.891154,16000,2.974434,19.58,1.000000e-03,17581,524288000,0.5243,8.2838,3.462840,,1
2026-03-06T00:40:10.798104,16050,2.875582,17.74,1.000000e-03,17578,525926400,0.5259,8.3112,,,1
2026-03-06T00:41:37.114924,16100,2.910837,18.37,1.000000e-03,17582,527564800,0.5276,8.3352,,,1
2026-03-06T00:43:03.599972,16150,2.940902,18.93,1.000000e-03,17585,529203200,0.5292,8.3592,,,1
2026-03-06T00:44:29.725669,16200,2.876580,17.75,1.000000e-03,17590,530841600,0.5308,8.3832,,,1
2026-03-06T00:45:56.280985,16250,2.804408,16.52,1.000000e-03,17593,532480000,0.5325,8.4072,,,1
2026-03-06T00:47:22.632049,16300,2.780949,16.13,1.000000e-03,17597,534118400,0.5341,8.4312,,,1
2026-03-06T00:48:49.190459,16350,2.822152,16.81,1.000000e-03,17601,535756800,0.5358,8.4552,,,1
2026-03-06T00:50:15.440373,16400,2.768082,15.93,1.000000e-03,17605,537395200,0.5374,8.4792,,,1
2026-03-06T00:51:41.839935,16450,2.800690,16.46,1.000000e-03,17609,539033600,0.5390,8.5032,,,1
2026-03-06T00:53:08.072164,16500,2.899942,18.17,1.000000e-03,17613,540672000,0.5407,8.5271,,,1
2026-03-06T00:54:34.169328,16550,2.930072,18.73,1.000000e-03,17617,542310400,0.5423,8.5511,,,1
2026-03-06T00:56:01.644578,16600,2.942654,18.97,1.000000e-03,17620,543948800,0.5439,8.5754,,,1
2026-03-06T00:57:27.601153,16650,2.928098,18.69,1.000000e-03,17624,545587200,0.5456,8.5992,,,1
2026-03-06T00:58:53.902934,16700,2.915631,18.46,1.000000e-03,17628,547225600,0.5472,8.6232,,,1
2026-03-06T01:00:21.013570,16750,2.805215,16.53,1.000000e-03,17631,548864000,0.5489,8.6474,,,1
2026-03-06T01:01:47.198959,16800,2.767695,15.92,1.000000e-03,17635,550502400,0.5505,8.6713,,,1
2026-03-06T01:03:13.467030,16850,2.867550,17.59,1.000000e-03,17639,552140800,0.5521,8.6953,,,1
2026-03-06T01:04:39.342751,16900,2.881743,17.85,1.000000e-03,17642,553779200,0.5538,8.7192,,,1
2026-03-06T01:06:04.962155,16950,2.871694,17.67,1.000000e-03,17647,555417600,0.5554,8.7429,,,1
2026-03-06T01:07:31.651896,17000,2.890719,18.01,1.000000e-03,17650,557056000,0.5571,8.7670,,,1
2026-03-06T01:07:33.635191,17000,2.890719,18.01,1.000000e-03,17649,557056000,0.5571,8.7676,3.440525,,1
2026-03-06T01:09:09.828503,17050,2.871151,17.66,1.000000e-03,17647,558694400,0.5587,8.7943,,,1
2026-03-06T01:10:35.654441,17100,2.822800,16.82,1.000000e-03,17651,560332800,0.5603,8.8181,,,1
2026-03-06T01:12:01.466083,17150,2.818253,16.75,1.000000e-03,17655,561971200,0.5620,8.8420,,,1
2026-03-06T01:13:27.675448,17200,2.803086,16.50,1.000000e-03,17658,563609600,0.5636,8.8659,,,1
2026-03-06T01:14:53.794337,17250,2.788805,16.26,1.000000e-03,17662,565248000,0.5652,8.8898,,,1
2026-03-06T01:16:19.914852,17300,2.796254,16.38,1.000000e-03,17666,566886400,0.5669,8.9138,,,1
2026-03-06T01:17:45.937552,17350,2.854055,17.36,1.000000e-03,17669,568524800,0.5685,8.9377,,,1
2026-03-06T01:19:12.498997,17400,2.902775,18.22,1.000000e-03,17673,570163200,0.5702,8.9617,,,1
2026-03-06T01:20:38.327379,17450,2.875374,17.73,1.000000e-03,17677,571801600,0.5718,8.9855,,,1
2026-03-06T01:22:06.228405,17500,2.865589,17.56,1.000000e-03,17679,573440000,0.5734,9.0100,,,1
2026-03-06T01:23:31.666039,17550,2.865539,17.56,1.000000e-03,17683,575078400,0.5751,9.0337,,,1
2026-03-06T01:24:57.287999,17600,2.909147,18.34,1.000000e-03,17687,576716800,0.5767,9.0575,,,1
2026-03-06T01:26:23.166201,17650,2.944106,18.99,1.000000e-03,17691,578355200,0.5784,9.0813,,,1
2026-03-06T01:27:49.264588,17700,2.950473,19.11,1.000000e-03,17694,579993600,0.5800,9.1052,,,1
2026-03-06T01:29:15.405295,17750,3.081821,21.80,1.000000e-03,17698,581632000,0.5816,9.1292,,,1
2026-03-06T01:30:41.524043,17800,3.208121,24.73,1.000000e-03,17701,583270400,0.5833,9.1531,,,1
2026-03-06T01:32:07.937946,17850,3.216824,24.95,1.000000e-03,17704,584908800,0.5849,9.1771,,,1
2026-03-06T01:33:34.112871,17900,3.109311,22.41,1.000000e-03,17708,586547200,0.5865,9.2010,,,1
2026-03-06T01:35:00.759929,17950,3.074143,21.63,1.000000e-03,17711,588185600,0.5882,9.2251,,,1
2026-03-06T01:36:27.060053,18000,3.125267,22.77,1.000000e-03,17714,589824000,0.5898,9.2491,,,1
2026-03-06T01:36:29.037525,18000,3.125267,22.77,1.000000e-03,17713,589824000,0.5898,9.2496,3.443581,,1
2026-03-06T01:38:07.796809,18050,3.146047,23.24,1.000000e-03,17710,591462400,0.5915,9.2771,,,1
2026-03-06T01:39:34.036571,18100,3.166717,23.73,1.000000e-03,17713,593100800,0.5931,9.3010,,,1
2026-03-06T01:41:00.455592,18150,3.150992,23.36,1.000000e-03,17716,594739200,0.5947,9.3250,,,1
2026-03-06T01:42:26.889780,18200,3.151997,23.38,1.000000e-03,17720,596377600,0.5964,9.3490,,,1
2026-03-06T01:43:52.749774,18250,3.116450,22.57,1.000000e-03,17723,598016000,0.5980,9.3729,,,1
2026-03-06T01:45:18.534387,18300,3.099771,22.19,1.000000e-03,17726,599654400,0.5997,9.3967,,,1
2026-03-06T01:46:44.834487,18350,3.087384,21.92,1.000000e-03,17730,601292800,0.6013,9.4207,,,1
2026-03-06T01:48:10.704239,18400,3.072358,21.59,1.000000e-03,17733,602931200,0.6029,9.4445,,,1
2026-03-06T01:49:37.687638,18450,3.065462,21.44,1.000000e-03,17736,604569600,0.6046,9.4687,,,1
2026-03-06T01:51:03.144315,18500,2.942823,18.97,1.000000e-03,17740,606208000,0.6062,9.4924,,,1
2026-03-06T01:52:30.005852,18550,2.814741,16.69,1.000000e-03,17742,607846400,0.6078,9.5166,,,1
2026-03-06T01:53:55.492297,18600,2.730093,15.33,1.000000e-03,17746,609484800,0.6095,9.5403,,,1
2026-03-06T01:55:22.108605,18650,2.811197,16.63,1.000000e-03,17749,611123200,0.6111,9.5644,,,1
2026-03-06T01:56:47.986182,18700,2.912193,18.40,1.000000e-03,17752,612761600,0.6128,9.5882,,,1
2026-03-06T01:58:14.131462,18750,3.002448,20.13,1.000000e-03,17755,614400000,0.6144,9.6122,,,1
2026-03-06T01:59:41.039518,18800,3.081717,21.80,1.000000e-03,17758,616038400,0.6160,9.6363,,,1
2026-03-06T02:01:06.678404,18850,2.997239,20.03,1.000000e-03,17761,617676800,0.6177,9.6601,,,1
2026-03-06T02:02:32.439492,18900,2.960745,19.31,1.000000e-03,17765,619315200,0.6193,9.6839,,,1
2026-03-06T02:03:58.720699,18950,2.999834,20.08,1.000000e-03,17768,620953600,0.6210,9.7079,,,1
2026-03-06T02:05:24.466909,19000,3.038012,20.86,1.000000e-03,17771,622592000,0.6226,9.7317,,,1
2026-03-06T02:05:26.442205,19000,3.038012,20.86,1.000000e-03,17770,622592000,0.6226,9.7322,3.435013,,1
2026-03-06T02:07:02.124339,19050,2.956989,19.24,1.000000e-03,17768,624230400,0.6242,9.7588,,,1
2026-03-06T02:08:28.256515,19100,2.913736,18.43,1.000000e-03,17771,625868800,0.6259,9.7827,,,1
2026-03-06T02:09:54.560613,19150,2.849141,17.27,1.000000e-03,17774,627507200,0.6275,9.8067,,,1
2026-03-06T02:11:20.717569,19200,2.784646,16.19,1.000000e-03,17777,629145600,0.6291,9.8307,,,1
2026-03-06T02:12:46.748836,19250,2.867671,17.60,1.000000e-03,17780,630784000,0.6308,9.8545,,,1
2026-03-06T02:14:12.765501,19300,2.889137,17.98,1.000000e-03,17783,632422400,0.6324,9.8784,,,1
2026-03-06T02:15:38.609046,19350,2.916206,18.47,1.000000e-03,17787,634060800,0.6341,9.9023,,,1
2026-03-06T02:17:04.505811,19400,2.952901,19.16,1.000000e-03,17790,635699200,0.6357,9.9261,,,1
2026-03-06T02:18:30.454649,19450,3.015980,20.41,1.000000e-03,17793,637337600,0.6373,9.9500,,,1
2026-03-06T02:19:56.670297,19500,3.054747,21.22,1.000000e-03,17796,638976000,0.6390,9.9740,,,1
2026-03-06T02:21:23.398491,19550,3.061315,21.36,1.000000e-03,17798,640614400,0.6406,9.9981,,,1
2026-03-06T02:22:49.120717,19600,3.090848,22.00,1.000000e-03,17801,642252800,0.6423,10.0219,,,1
2026-03-06T02:24:14.907976,19650,3.111115,22.45,1.000000e-03,17804,643891200,0.6439,10.0457,,,1
2026-03-06T02:25:43.086983,19700,2.999047,20.07,1.000000e-03,17806,645529600,0.6455,10.0702,,,1
2026-03-06T02:27:09.047261,19750,2.884604,17.90,1.000000e-03,17809,647168000,0.6472,10.0941,,,1
2026-03-06T02:28:34.927686,19800,2.952173,19.15,1.000000e-03,17812,648806400,0.6488,10.1179,,,1
2026-03-06T02:30:00.880150,19850,2.981067,19.71,1.000000e-03,17815,650444800,0.6504,10.1418,,,1
2026-03-06T02:31:27.100092,19900,2.920671,18.55,1.000000e-03,17818,652083200,0.6521,10.1658,,,1
2026-03-06T02:32:53.057687,19950,2.848985,17.27,1.000000e-03,17821,653721600,0.6537,10.1896,,,1
2026-03-06T02:34:18.947506,20000,2.931379,18.75,1.000000e-03,17824,655360000,0.6554,10.2135,,,1
2026-03-06T02:34:21.171507,20000,2.931379,18.75,1.000000e-03,17823,655360000,0.6554,10.2141,3.410258,,1
2026-03-06T02:34:21.476200,20000,2.931379,18.75,1.000000e-03,17823,655360000,0.6554,10.2142,,0.1500,1
2026-03-06T02:36:00.333449,20050,3.005276,20.19,1.000000e-03,17819,656998400,0.6570,10.2417,,,1
2026-03-06T02:37:26.328285,20100,2.994502,19.98,1.000000e-03,17822,658636800,0.6586,10.2655,,,1
2026-03-06T02:38:52.392090,20150,2.982099,19.73,1.000000e-03,17825,660275200,0.6603,10.2894,,,1
2026-03-06T02:40:19.805051,20200,2.955370,19.21,1.000000e-03,17827,661913600,0.6619,10.3137,,,1
2026-03-06T02:41:46.526210,20250,2.982676,19.74,1.000000e-03,17830,663552000,0.6636,10.3378,,,1
2026-03-06T02:43:11.958733,20300,2.965405,19.40,1.000000e-03,17833,665190400,0.6652,10.3616,,,1
2026-03-06T02:44:37.921362,20350,2.883971,17.89,1.000000e-03,17836,666828800,0.6668,10.3854,,,1
2026-03-06T02:46:04.106457,20400,2.902559,18.22,1.000000e-03,17838,668467200,0.6685,10.4094,,,1
2026-03-06T02:47:30.136003,20450,2.947339,19.06,1.000000e-03,17841,670105600,0.6701,10.4333,,,1
2026-03-06T02:48:56.053270,20500,2.884450,17.89,1.000000e-03,17844,671744000,0.6717,10.4571,,,1
2026-03-06T02:50:21.824616,20550,2.917631,18.50,1.000000e-03,17847,673382400,0.6734,10.4810,,,1
2026-03-06T02:51:48.295771,20600,2.988345,19.85,1.000000e-03,17849,675020800,0.6750,10.5050,,,1
2026-03-06T02:53:13.974767,20650,2.964826,19.39,1.000000e-03,17852,676659200,0.6767,10.5288,,,1
2026-03-06T02:54:40.347023,20700,2.933506,18.79,1.000000e-03,17855,678297600,0.6783,10.5528,,,1
2026-03-06T02:56:06.419871,20750,2.917856,18.50,1.000000e-03,17857,679936000,0.6799,10.5767,,,1
2026-03-06T02:57:32.215258,20800,2.982126,19.73,1.000000e-03,17860,681574400,0.6816,10.6005,,,1
2026-03-06T02:58:58.022868,20850,2.972046,19.53,1.000000e-03,17863,683212800,0.6832,10.6243,,,1
2026-03-06T03:00:24.090417,20900,2.910405,18.36,1.000000e-03,17866,684851200,0.6849,10.6483,,,1
2026-03-06T03:01:49.912568,20950,2.939975,18.92,1.000000e-03,17868,686489600,0.6865,10.6721,,,1
2026-03-06T03:03:17.668067,21000,2.723744,15.24,1.000000e-03,17870,688128000,0.6881,10.6965,,,1
2026-03-06T03:03:19.638381,21000,2.723744,15.24,1.000000e-03,17869,688128000,0.6881,10.6970,3.417746,,1
2026-03-06T03:04:52.938219,21050,2.461505,11.72,1.000000e-03,17868,689766400,0.6898,10.7229,,,1
2026-03-06T03:06:18.807921,21100,2.586018,13.28,1.000000e-03,17871,691404800,0.6914,10.7468,,,1
2026-03-06T03:07:44.380324,21150,2.862586,17.51,1.000000e-03,17874,693043200,0.6930,10.7706,,,1
2026-03-06T03:09:10.502188,21200,2.992194,19.93,1.000000e-03,17876,694681600,0.6947,10.7945,,,1
2026-03-06T03:10:36.466709,21250,3.005199,20.19,1.000000e-03,17879,696320000,0.6963,10.8184,,,1
2026-03-06T03:12:02.624752,21300,2.937857,18.88,1.000000e-03,17882,697958400,0.6980,10.8423,,,1
2026-03-06T03:13:28.384006,21350,2.802262,16.48,1.000000e-03,17884,699596800,0.6996,10.8661,,,1
2026-03-06T03:14:56.115538,21400,2.777407,16.08,1.000000e-03,17886,701235200,0.7012,10.8905,,,1
2026-03-06T03:16:21.784976,21450,2.767924,15.93,1.000000e-03,17889,702873600,0.7029,10.9143,,,1
2026-03-06T03:17:47.499522,21500,2.817273,16.73,1.000000e-03,17891,704512000,0.7045,10.9381,,,1
2026-03-06T03:19:13.302241,21550,2.884454,17.89,1.000000e-03,17894,706150400,0.7062,10.9619,,,1
2026-03-06T03:20:39.411085,21600,2.925173,18.64,1.000000e-03,17896,707788800,0.7078,10.9858,,,1
2026-03-06T03:22:05.357056,21650,3.002186,20.13,1.000000e-03,17899,709427200,0.7094,11.0097,,,1
2026-03-06T03:23:30.747005,21700,2.946661,19.04,1.000000e-03,17902,711065600,0.7111,11.0334,,,1
2026-03-06T03:24:57.111009,21750,2.847020,17.24,1.000000e-03,17904,712704000,0.7127,11.0574,,,1
2026-03-06T03:26:22.976514,21800,2.752518,15.68,1.000000e-03,17907,714342400,0.7143,11.0813,,,1
2026-03-06T03:27:51.393081,21850,2.772119,15.99,1.000000e-03,17908,715980800,0.7160,11.1058,,,1
2026-03-06T03:29:16.690634,21900,2.836708,17.06,1.000000e-03,17911,717619200,0.7176,11.1295,,,1
2026-03-06T03:30:42.538830,21950,2.804737,16.52,1.000000e-03,17913,719257600,0.7193,11.1534,,,1
2026-03-06T03:32:08.845422,22000,2.873922,17.71,1.000000e-03,17916,720896000,0.7209,11.1774,,,1
2026-03-06T03:32:10.814336,22000,2.873922,17.71,1.000000e-03,17915,720896000,0.7209,11.1779,3.426407,,1
2026-03-06T03:33:48.665369,22050,2.858719,17.44,1.000000e-03,17912,722534400,0.7225,11.2051,,,1
2026-03-06T03:35:14.831334,22100,2.769878,15.96,1.000000e-03,17914,724172800,0.7242,11.2290,,,1
2026-03-06T03:36:40.058944,22150,2.798410,16.42,1.000000e-03,17917,725811200,0.7258,11.2527,,,1
2026-03-06T03:38:06.084638,22200,2.860746,17.47,1.000000e-03,17919,727449600,0.7274,11.2766,,,1
2026-03-06T03:39:32.016631,22250,2.935503,18.83,1.000000e-03,17922,729088000,0.7291,11.3005,,,1
2026-03-06T03:40:57.831709,22300,2.990695,19.90,1.000000e-03,17924,730726400,0.7307,11.3243,,,1
2026-03-06T03:42:23.656119,22350,2.973639,19.56,1.000000e-03,17927,732364800,0.7324,11.3481,,,1
2026-03-06T03:43:50.547048,22400,2.903642,18.24,1.000000e-03,17929,734003200,0.7340,11.3723,,,1
2026-03-06T03:45:16.140518,22450,2.897945,18.14,1.000000e-03,17931,735641600,0.7356,11.3960,,,1
2026-03-06T03:46:41.757966,22500,2.994720,19.98,1.000000e-03,17934,737280000,0.7373,11.4198,,,1
2026-03-06T03:48:07.764079,22550,2.987519,19.84,1.000000e-03,17936,738918400,0.7389,11.4437,,,1
2026-03-06T03:49:33.954283,22600,2.898832,18.15,1.000000e-03,17938,740556800,0.7406,11.4677,,,1
2026-03-06T03:50:59.533553,22650,2.825136,16.86,1.000000e-03,17941,742195200,0.7422,11.4914,,,1
2026-03-06T03:52:25.283301,22700,2.854763,17.37,1.000000e-03,17943,743833600,0.7438,11.5153,,,1
2026-03-06T03:53:51.257388,22750,2.901893,18.21,1.000000e-03,17946,745472000,0.7455,11.5391,,,1
2026-03-06T03:55:17.507606,22800,2.905497,18.27,1.000000e-03,17948,747110400,0.7471,11.5631,,,1
2026-03-06T03:56:43.516470,22850,2.907555,18.31,1.000000e-03,17950,748748800,0.7487,11.5870,,,1
2026-03-06T03:58:11.993061,22900,2.904790,18.26,1.000000e-03,17951,750387200,0.7504,11.6116,,,1
2026-03-06T03:59:38.156500,22950,2.919749,18.54,1.000000e-03,17953,752025600,0.7520,11.6355,,,1
2026-03-06T04:01:03.961556,23000,2.883223,17.87,1.000000e-03,17956,753664000,0.7537,11.6593,,,1
2026-03-06T04:01:05.932213,23000,2.883223,17.87,1.000000e-03,17955,753664000,0.7537,11.6599,3.412931,,1
2026-03-06T04:02:41.874638,23050,2.873142,17.69,1.000000e-03,17953,755302400,0.7553,11.6865,,,1
2026-03-06T04:04:08.078372,23100,2.843166,17.17,1.000000e-03,17955,756940800,0.7569,11.7105,,,1
2026-03-06T04:05:33.864400,23150,2.778774,16.10,1.000000e-03,17957,758579200,0.7586,11.7343,,,1
2026-03-06T04:07:00.743741,23200,2.802615,16.49,1.000000e-03,17959,760217600,0.7602,11.7584,,,1
2026-03-06T04:08:27.027732,23250,2.910496,18.37,1.000000e-03,17961,761856000,0.7619,11.7824,,,1
2026-03-06T04:09:52.594415,23300,2.895292,18.09,1.000000e-03,17964,763494400,0.7635,11.8062,,,1
2026-03-06T04:11:18.090438,23350,2.889580,17.99,1.000000e-03,17966,765132800,0.7651,11.8299,,,1
2026-03-06T04:12:44.023429,23400,2.920971,18.56,1.000000e-03,17968,766771200,0.7668,11.8538,,,1
2026-03-06T04:14:10.230320,23450,2.907683,18.31,1.000000e-03,17970,768409600,0.7684,11.8777,,,1
2026-03-06T04:15:38.876502,23500,2.935027,18.82,1.000000e-03,17971,770048000,0.7700,11.9024,,,1
2026-03-06T04:17:08.289278,23550,2.882496,17.86,1.000000e-03,17972,771686400,0.7717,11.9272,,,1
2026-03-06T04:18:34.663256,23600,2.824616,16.85,1.000000e-03,17974,773324800,0.7733,11.9512,,,1
2026-03-06T04:20:00.850376,23650,2.810110,16.61,1.000000e-03,17976,774963200,0.7750,11.9751,,,1
2026-03-06T04:21:26.946152,23700,2.780614,16.13,1.000000e-03,17978,776601600,0.7766,11.9990,,,1
2026-03-06T04:22:52.528179,23750,2.759597,15.79,1.000000e-03,17981,778240000,0.7782,12.0228,,,1
2026-03-06T04:24:18.206729,23800,2.722782,15.22,1.000000e-03,17983,779878400,0.7799,12.0466,,,1
2026-03-06T04:25:44.183973,23850,2.767696,15.92,1.000000e-03,17985,781516800,0.7815,12.0705,,,1
2026-03-06T04:27:10.080194,23900,2.891925,18.03,1.000000e-03,17987,783155200,0.7832,12.0944,,,1
2026-03-06T04:28:36.036463,23950,2.916810,18.48,1.000000e-03,17989,784793600,0.7848,12.1182,,,1
2026-03-06T04:30:01.668120,24000,2.828281,16.92,1.000000e-03,17992,786432000,0.7864,12.1420,,,1
2026-03-06T04:30:03.638454,24000,2.828281,16.92,1.000000e-03,17991,786432000,0.7864,12.1426,3.424782,,1
2026-03-06T04:31:42.525239,24050,2.840173,17.12,1.000000e-03,17987,788070400,0.7881,12.1700,,,1
2026-03-06T04:33:08.403546,24100,2.898181,18.14,1.000000e-03,17990,789708800,0.7897,12.1939,,,1
2026-03-06T04:34:35.447747,24150,2.933238,18.79,1.000000e-03,17991,791347200,0.7913,12.2181,,,1
2026-03-06T04:36:00.901267,24200,2.966572,19.43,1.000000e-03,17994,792985600,0.7930,12.2418,,,1
2026-03-06T04:37:29.841897,24250,2.891367,18.02,1.000000e-03,17994,794624000,0.7946,12.2665,,,1
2026-03-06T04:38:55.933858,24300,2.814513,16.69,1.000000e-03,17996,796262400,0.7963,12.2904,,,1
2026-03-06T04:40:22.253997,24350,2.834849,17.03,1.000000e-03,17998,797900800,0.7979,12.3144,,,1
2026-03-06T04:41:48.563824,24400,2.864797,17.55,1.000000e-03,18000,799539200,0.7995,12.3384,,,1
2026-03-06T04:43:14.304011,24450,2.820592,16.79,1.000000e-03,18002,801177600,0.8012,12.3622,,,1
2026-03-06T04:44:40.719593,24500,2.869055,17.62,1.000000e-03,18004,802816000,0.8028,12.3862,,,1
2026-03-06T04:46:06.611773,24550,2.957361,19.25,1.000000e-03,18006,804454400,0.8045,12.4101,,,1
2026-03-06T04:47:32.428319,24600,2.896420,18.11,1.000000e-03,18008,806092800,0.8061,12.4339,,,1
2026-03-06T04:48:58.339175,24650,2.880451,17.82,1.000000e-03,18010,807731200,0.8077,12.4578,,,1
2026-03-06T04:50:24.187167,24700,2.864278,17.54,1.000000e-03,18012,809369600,0.8094,12.4816,,,1
2026-03-06T04:51:49.779490,24750,2.841506,17.14,1.000000e-03,18015,811008000,0.8110,12.5054,,,1
2026-03-06T04:53:15.611247,24800,2.878997,17.80,1.000000e-03,18017,812646400,0.8126,12.5292,,,1
2026-03-06T04:54:41.588144,24850,2.894880,18.08,1.000000e-03,18019,814284800,0.8143,12.5531,,,1
2026-03-06T04:56:07.264913,24900,2.950518,19.12,1.000000e-03,18021,815923200,0.8159,12.5769,,,1
2026-03-06T04:57:33.090956,24950,2.987145,19.83,1.000000e-03,18023,817561600,0.8176,12.6008,,,1
2026-03-06T04:58:58.711919,25000,2.919502,18.53,1.000000e-03,18025,819200000,0.8192,12.6245,,,1
2026-03-06T04:59:00.680638,25000,2.919502,18.53,1.000000e-03,18024,819200000,0.8192,12.6251,3.398671,,1
2026-03-06T05:00:35.161924,25050,2.875556,17.74,1.000000e-03,18023,820838400,0.8208,12.6513,,,1
2026-03-06T05:02:01.429936,25100,2.969494,19.48,1.000000e-03,18024,822476800,0.8225,12.6753,,,1
2026-03-06T05:03:27.501453,25150,2.987497,19.84,1.000000e-03,18026,824115200,0.8241,12.6992,,,1
2026-03-06T05:04:53.164087,25200,2.839170,17.10,1.000000e-03,18028,825753600,0.8258,12.7230,,,1
2026-03-06T05:06:19.020743,25250,2.806098,16.55,1.000000e-03,18030,827392000,0.8274,12.7468,,,1
2026-03-06T05:07:45.057933,25300,2.975610,19.60,1.000000e-03,18032,829030400,0.8290,12.7707,,,1
2026-03-06T05:09:11.158533,25350,3.098020,22.15,1.000000e-03,18034,830668800,0.8307,12.7947,,,1
2026-03-06T05:10:37.039020,25400,3.047293,21.06,1.000000e-03,18036,832307200,0.8323,12.8185,,,1
2026-03-06T05:12:04.574088,25450,2.963989,19.38,1.000000e-03,18037,833945600,0.8339,12.8428,,,1
2026-03-06T05:13:30.422498,25500,2.886338,17.93,1.000000e-03,18039,835584000,0.8356,12.8667,,,1
2026-03-06T05:14:56.488945,25550,2.764378,15.87,1.000000e-03,18041,837222400,0.8372,12.8906,,,1
2026-03-06T05:16:22.499460,25600,2.793252,16.33,1.000000e-03,18043,838860800,0.8389,12.9145,,,1
2026-03-06T05:17:48.577322,25650,2.975986,19.61,1.000000e-03,18045,840499200,0.8405,12.9384,,,1
2026-03-06T05:19:15.257265,25700,3.054451,21.21,1.000000e-03,18046,842137600,0.8421,12.9625,,,1
2026-03-06T05:20:41.320864,25750,2.962719,19.35,1.000000e-03,18048,843776000,0.8438,12.9864,,,1
2026-03-06T05:22:07.065903,25800,2.949442,19.10,1.000000e-03,18050,845414400,0.8454,13.0102,,,1
2026-03-06T05:23:33.416128,25850,3.003219,20.15,1.000000e-03,18052,847052800,0.8471,13.0342,,,1
2026-03-06T05:24:59.094022,25900,2.970217,19.50,1.000000e-03,18054,848691200,0.8487,13.0580,,,1
2026-03-06T05:26:25.062240,25950,2.948471,19.08,1.000000e-03,18056,850329600,0.8503,13.0819,,,1
2026-03-06T05:27:51.159529,26000,2.932601,18.78,1.000000e-03,18058,851968000,0.8520,13.1058,,,1
2026-03-06T05:27:53.127346,26000,2.932601,18.78,1.000000e-03,18057,851968000,0.8520,13.1063,3.389470,,1
2026-03-06T05:29:34.428438,26050,2.939049,18.90,1.000000e-03,18053,853606400,0.8536,13.1345,,,1
2026-03-06T05:31:00.235467,26100,2.955271,19.21,1.000000e-03,18055,855244800,0.8552,13.1583,,,1
2026-03-06T05:32:26.394699,26150,2.963081,19.36,1.000000e-03,18056,856883200,0.8569,13.1822,,,1
2026-03-06T05:33:52.640398,26200,2.938648,18.89,1.000000e-03,18058,858521600,0.8585,13.2062,,,1
2026-03-06T05:35:18.408787,26250,2.937882,18.88,1.000000e-03,18060,860160000,0.8602,13.2300,,,1
2026-03-06T05:36:44.400454,26300,2.955498,19.21,1.000000e-03,18062,861798400,0.8618,13.2539,,,1
2026-03-06T05:38:11.224538,26350,2.997399,20.03,1.000000e-03,18063,863436800,0.8634,13.2780,,,1
2026-03-06T05:39:36.856534,26400,3.012410,20.34,1.000000e-03,18065,865075200,0.8651,13.3018,,,1
2026-03-06T05:41:02.353299,26450,2.994305,19.97,1.000000e-03,18067,866713600,0.8667,13.3255,,,1
2026-03-06T05:42:30.718265,26500,2.951959,19.14,1.000000e-03,18068,868352000,0.8684,13.3501,,,1
2026-03-06T05:43:56.694482,26550,2.922439,18.59,1.000000e-03,18070,869990400,0.8700,13.3740,,,1
2026-03-06T05:45:22.924331,26600,2.903310,18.23,1.000000e-03,18071,871628800,0.8716,13.3979,,,1
2026-03-06T05:46:48.557174,26650,2.870054,17.64,1.000000e-03,18073,873267200,0.8733,13.4217,,,1
2026-03-06T05:48:14.690674,26700,2.846195,17.22,1.000000e-03,18075,874905600,0.8749,13.4456,,,1
2026-03-06T05:49:40.740537,26750,2.851703,17.32,1.000000e-03,18077,876544000,0.8765,13.4695,,,1
2026-03-06T05:51:06.895758,26800,2.902739,18.22,1.000000e-03,18078,878182400,0.8782,13.4935,,,1
2026-03-06T05:52:32.806409,26850,2.894941,18.08,1.000000e-03,18080,879820800,0.8798,13.5173,,,1
2026-03-06T05:53:58.879768,26900,2.916155,18.47,1.000000e-03,18082,881459200,0.8815,13.5413,,,1
2026-03-06T05:55:25.259210,26950,2.939659,18.91,1.000000e-03,18083,883097600,0.8831,13.5652,,,1
2026-03-06T05:56:51.172847,27000,2.903559,18.24,1.000000e-03,18085,884736000,0.8847,13.5891,,,1
2026-03-06T05:56:53.140305,27000,2.903559,18.24,1.000000e-03,18084,884736000,0.8847,13.5897,3.389365,,1
2026-03-06T05:58:28.197938,27050,2.927234,18.68,1.000000e-03,18083,886374400,0.8864,13.6161,,,1
2026-03-06T05:59:54.041902,27100,2.922490,18.59,1.000000e-03,18084,888012800,0.8880,13.6399,,,1
2026-03-06T06:01:20.839398,27150,2.881954,17.85,1.000000e-03,18086,889651200,0.8897,13.6640,,,1
2026-03-06T06:02:47.403499,27200,2.840007,17.12,1.000000e-03,18087,891289600,0.8913,13.6881,,,1
2026-03-06T06:04:13.239713,27250,2.538722,12.66,1.000000e-03,18089,892928000,0.8929,13.7119,,,1
2026-03-06T06:05:39.277305,27300,2.470338,11.83,1.000000e-03,18091,894566400,0.8946,13.7358,,,1
2026-03-06T06:07:05.541635,27350,2.845802,17.22,1.000000e-03,18092,896204800,0.8962,13.7598,,,1
2026-03-06T06:08:31.578498,27400,3.068872,21.52,1.000000e-03,18094,897843200,0.8978,13.7837,,,1
2026-03-06T06:09:58.201726,27450,3.054338,21.21,1.000000e-03,18095,899481600,0.8995,13.8077,,,1
2026-03-06T06:11:24.356745,27500,3.000959,20.10,1.000000e-03,18097,901120000,0.9011,13.8317,,,1
2026-03-06T06:12:51.073934,27550,2.991238,19.91,1.000000e-03,18098,902758400,0.9028,13.8557,,,1
2026-03-06T06:14:16.955369,27600,2.963819,19.37,1.000000e-03,18100,904396800,0.9044,13.8796,,,1
2026-03-06T06:15:42.982492,27650,2.895119,18.09,1.000000e-03,18102,906035200,0.9060,13.9035,,,1
2026-03-06T06:17:09.195832,27700,2.863775,17.53,1.000000e-03,18103,907673600,0.9077,13.9275,,,1
2026-03-06T06:18:35.058799,27750,2.877245,17.77,1.000000e-03,18105,909312000,0.9093,13.9513,,,1
2026-03-06T06:20:01.699619,27800,2.931939,18.76,1.000000e-03,18106,910950400,0.9110,13.9754,,,1
2026-03-06T06:21:27.128703,27850,2.965284,19.40,1.000000e-03,18108,912588800,0.9126,13.9991,,,1
2026-03-06T06:22:53.223991,27900,2.958316,19.27,1.000000e-03,18110,914227200,0.9142,14.0230,,,1
2026-03-06T06:24:19.587429,27950,3.000938,20.10,1.000000e-03,18111,915865600,0.9159,14.0470,,,1
2026-03-06T06:25:46.566904,28000,2.997394,20.03,1.000000e-03,18112,917504000,0.9175,14.0712,,,1
2026-03-06T06:25:48.536542,28000,2.997394,20.03,1.000000e-03,18112,917504000,0.9175,14.0717,3.412741,,1
2026-03-06T06:27:28.298655,28050,2.970220,19.50,1.000000e-03,18108,919142400,0.9191,14.0994,,,1
2026-03-06T06:28:54.585917,28100,2.907159,18.30,1.000000e-03,18110,920780800,0.9208,14.1234,,,1
2026-03-06T06:30:20.292471,28150,2.909980,18.36,1.000000e-03,18112,922419200,0.9224,14.1472,,,1
2026-03-06T06:31:46.758899,28200,2.992306,19.93,1.000000e-03,18113,924057600,0.9241,14.1712,,,1
2026-03-06T06:33:13.093862,28250,3.007203,20.23,1.000000e-03,18114,925696000,0.9257,14.1952,,,1
2026-03-06T06:34:39.144419,28300,2.987789,19.84,1.000000e-03,18116,927334400,0.9273,14.2191,,,1
2026-03-06T06:36:05.656601,28350,3.010571,20.30,1.000000e-03,18117,928972800,0.9290,14.2431,,,1
2026-03-06T06:37:31.681651,28400,3.014094,20.37,1.000000e-03,18119,930611200,0.9306,14.2670,,,1
2026-03-06T06:38:58.076832,28450,3.050883,21.13,1.000000e-03,18120,932249600,0.9322,14.2910,,,1
2026-03-06T06:40:26.419051,28500,3.071774,21.58,1.000000e-03,18121,933888000,0.9339,14.3156,,,1
2026-03-06T06:41:52.162558,28550,3.016050,20.41,1.000000e-03,18123,935526400,0.9355,14.3394,,,1
2026-03-06T06:43:18.428686,28600,3.044694,21.00,1.000000e-03,18124,937164800,0.9372,14.3633,,,1
2026-03-06T06:44:45.070797,28650,2.865264,17.55,1.000000e-03,18125,938803200,0.9388,14.3874,,,1
2026-03-06T06:46:11.204179,28700,2.724152,15.24,1.000000e-03,18127,940441600,0.9404,14.4113,,,1
2026-03-06T06:47:36.964667,28750,2.869887,17.64,1.000000e-03,18129,942080000,0.9421,14.4352,,,1
2026-03-06T06:49:03.042343,28800,2.972857,19.55,1.000000e-03,18130,943718400,0.9437,14.4591,,,1
2026-03-06T06:50:29.907468,28850,2.980919,19.71,1.000000e-03,18131,945356800,0.9454,14.4832,,,1
2026-03-06T06:51:57.395131,28900,2.982843,19.74,1.000000e-03,18132,946995200,0.9470,14.5075,,,1
2026-03-06T06:53:23.430757,28950,2.983648,19.76,1.000000e-03,18134,948633600,0.9486,14.5314,,,1
2026-03-06T06:54:50.259329,29000,2.958875,19.28,1.000000e-03,18135,950272000,0.9503,14.5555,,,1
2026-03-06T06:54:52.241536,29000,2.958875,19.28,1.000000e-03,18134,950272000,0.9503,14.5561,3.401133,,1
2026-03-06T06:56:28.859570,29050,2.953113,19.17,1.000000e-03,18132,951910400,0.9519,14.5829,,,1
2026-03-06T06:57:55.662353,29100,2.971077,19.51,1.000000e-03,18133,953548800,0.9535,14.6070,,,1
2026-03-06T06:59:22.301079,29150,2.955626,19.21,1.000000e-03,18135,955187200,0.9552,14.6311,,,1
2026-03-06T07:00:48.628645,29200,2.932472,18.77,1.000000e-03,18136,956825600,0.9568,14.6551,,,1
2026-03-06T07:02:15.374984,29250,2.915874,18.46,1.000000e-03,18137,958464000,0.9585,14.6792,,,1
2026-03-06T07:03:42.051811,29300,2.932980,18.78,1.000000e-03,18139,960102400,0.9601,14.7032,,,1
2026-03-06T07:05:08.494963,29350,2.995632,20.00,1.000000e-03,18140,961740800,0.9617,14.7273,,,1
2026-03-06T07:06:34.839447,29400,2.922524,18.59,1.000000e-03,18141,963379200,0.9634,14.7512,,,1
2026-03-06T07:08:01.610625,29450,2.891736,18.02,1.000000e-03,18142,965017600,0.9650,14.7753,,,1
2026-03-06T07:09:29.121032,29500,2.955570,19.21,1.000000e-03,18143,966656000,0.9667,14.7997,,,1
2026-03-06T07:10:55.407311,29550,2.868123,17.60,1.000000e-03,18145,968294400,0.9683,14.8236,,,1
2026-03-06T07:12:22.109079,29600,2.926971,18.67,1.000000e-03,18146,969932800,0.9699,14.8477,,,1
2026-03-06T07:13:48.596154,29650,3.030558,20.71,1.000000e-03,18147,971571200,0.9716,14.8717,,,1
2026-03-06T07:15:15.202883,29700,2.937493,18.87,1.000000e-03,18148,973209600,0.9732,14.8958,,,1
2026-03-06T07:16:41.758787,29750,2.825033,16.86,1.000000e-03,18150,974848000,0.9748,14.9198,,,1
2026-03-06T07:18:08.152298,29800,2.872143,17.67,1.000000e-03,18151,976486400,0.9765,14.9438,,,1
2026-03-06T07:19:34.721313,29850,2.992604,19.94,1.000000e-03,18152,978124800,0.9781,14.9679,,,1
2026-03-06T07:21:01.304756,29900,2.976691,19.62,1.000000e-03,18154,979763200,0.9798,14.9919,,,1
2026-03-06T07:22:28.121418,29950,2.932122,18.77,1.000000e-03,18155,981401600,0.9814,15.0160,,,1
2026-03-06T07:23:54.587557,30000,2.925865,18.65,1.000000e-03,18156,983040000,0.9830,15.0401,,,1
2026-03-06T07:23:56.818171,30000,2.925865,18.65,1.000000e-03,18155,983040000,0.9830,15.0407,3.401023,,1
2026-03-06T07:23:57.140514,30000,2.925865,18.65,1.000000e-03,18155,983040000,0.9830,15.0408,,0.1500,1
2026-03-06T07:25:35.825175,30050,2.956580,19.23,1.000000e-03,18152,984678400,0.9847,15.0682,,,1
2026-03-06T07:27:01.936688,30100,3.004161,20.17,1.000000e-03,18154,986316800,0.9863,15.0921,,,1
2026-03-06T07:28:28.976490,30150,2.948611,19.08,1.000000e-03,18155,987955200,0.9880,15.1163,,,1
2026-03-06T07:29:55.943207,30200,2.856671,17.40,1.000000e-03,18156,989593600,0.9896,15.1404,,,1
2026-03-06T07:31:22.595010,30250,2.866178,17.57,1.000000e-03,18157,991232000,0.9912,15.1645,,,1
2026-03-06T07:32:49.228590,30300,2.880888,17.83,1.000000e-03,18158,992870400,0.9929,15.1886,,,1
2026-03-06T07:34:15.452994,30350,2.817623,16.74,1.000000e-03,18160,994508800,0.9945,15.2125,,,1
2026-03-06T07:35:42.457457,30400,2.824139,16.85,1.000000e-03,18161,996147200,0.9961,15.2367,,,1
2026-03-06T07:37:10.353300,30450,2.938292,18.88,1.000000e-03,18161,997785600,0.9978,15.2611,,,1
2026-03-06T07:38:36.706303,30500,2.975392,19.60,1.000000e-03,18163,999424000,0.9994,15.2851,,,1
2026-03-06T07:40:03.176415,30550,2.910217,18.36,1.000000e-03,18164,1001062400,1.0011,15.3091,,,1
2026-03-06T07:41:29.552522,30600,2.913245,18.42,1.000000e-03,18165,1002700800,1.0027,15.3331,,,1
2026-03-06T07:42:56.274030,30650,2.960024,19.30,1.000000e-03,18166,1004339200,1.0043,15.3572,,,1
2026-03-06T07:44:22.775421,30700,2.958401,19.27,1.000000e-03,18167,1005977600,1.0060,15.3812,,,1
2026-03-06T07:45:49.390260,30750,2.948643,19.08,1.000000e-03,18169,1007616000,1.0076,15.4053,,,1
2026-03-06T07:47:18.829673,30800,2.963071,19.36,1.000000e-03,18169,1009254400,1.0093,15.4301,,,1
2026-03-06T07:48:45.688833,30850,2.986566,19.82,1.000000e-03,18170,1010892800,1.0109,15.4543,,,1
2026-03-06T07:50:12.161658,30900,2.985072,19.79,1.000000e-03,18171,1012531200,1.0125,15.4783,,,1
2026-03-06T07:51:39.042827,30950,2.949005,19.09,1.000000e-03,18172,1014169600,1.0142,15.5024,,,1
2026-03-06T07:53:05.756180,31000,2.938053,18.88,1.000000e-03,18173,1015808000,1.0158,15.5265,,,1
2026-03-06T07:53:07.735605,31000,2.938053,18.88,1.000000e-03,18173,1015808000,1.0158,15.5270,3.393523,,1
2026-03-06T07:54:42.945206,31050,2.923879,18.61,1.000000e-03,18171,1017446400,1.0174,15.5535,,,1
2026-03-06T07:56:09.657000,31100,2.903596,18.24,1.000000e-03,18172,1019084800,1.0191,15.5776,,,1
2026-03-06T07:57:37.244623,31150,2.980943,19.71,1.000000e-03,18173,1020723200,1.0207,15.6019,,,1
2026-03-06T07:59:03.972162,31200,2.914708,18.44,1.000000e-03,18174,1022361600,1.0224,15.6260,,,1
2026-03-06T08:00:29.700703,31250,2.604812,13.53,1.000000e-03,18176,1024000000,1.0240,15.6498,,,1
2026-03-06T08:01:56.259632,31300,2.651814,14.18,1.000000e-03,18177,1025638400,1.0256,15.6739,,,1
2026-03-06T08:03:23.017567,31350,2.901256,18.20,1.000000e-03,18178,1027276800,1.0273,15.6980,,,1
2026-03-06T08:04:49.916295,31400,2.915087,18.45,1.000000e-03,18179,1028915200,1.0289,15.7221,,,1
2026-03-06T08:06:18.136671,31450,2.955942,19.22,1.000000e-03,18179,1030553600,1.0306,15.7466,,,1
2026-03-06T08:07:44.551280,31500,3.010462,20.30,1.000000e-03,18181,1032192000,1.0322,15.7706,,,1
2026-03-06T08:09:11.574861,31550,3.018511,20.46,1.000000e-03,18182,1033830400,1.0338,15.7948,,,1
2026-03-06T08:10:38.156738,31600,2.973182,19.55,1.000000e-03,18183,1035468800,1.0355,15.8188,,,1
2026-03-06T08:12:04.233830,31650,2.899325,18.16,1.000000e-03,18184,1037107200,1.0371,15.8427,,,1
2026-03-06T08:13:30.904633,31700,2.912904,18.41,1.000000e-03,18185,1038745600,1.0387,15.8668,,,1
2026-03-06T08:14:57.911758,31750,2.965422,19.40,1.000000e-03,18186,1040384000,1.0404,15.8910,,,1
2026-03-06T08:16:25.991555,31800,3.016720,20.42,1.000000e-03,18187,1042022400,1.0420,15.9154,,,1
2026-03-06T08:17:52.332179,31850,3.068866,21.52,1.000000e-03,18188,1043660800,1.0437,15.9394,,,1
2026-03-06T08:19:19.306139,31900,2.993726,19.96,1.000000e-03,18189,1045299200,1.0453,15.9636,,,1
2026-03-06T08:20:45.993356,31950,3.009390,20.28,1.000000e-03,18190,1046937600,1.0469,15.9877,,,1
2026-03-06T08:22:12.815960,32000,3.065551,21.45,1.000000e-03,18191,1048576000,1.0486,16.0118,,,1
2026-03-06T08:22:14.798372,32000,3.065551,21.45,1.000000e-03,18190,1048576000,1.0486,16.0123,3.378654,,1
2026-03-06T08:23:58.904909,32050,3.014916,20.39,1.000000e-03,18186,1050214400,1.0502,16.0413,,,1
2026-03-06T08:25:25.790209,32100,2.994595,19.98,1.000000e-03,18187,1051852800,1.0519,16.0654,,,1
2026-03-06T08:26:51.893836,32150,2.995711,20.00,1.000000e-03,18188,1053491200,1.0535,16.0893,,,1
2026-03-06T08:28:19.659621,32200,3.058915,21.30,1.000000e-03,18189,1055129600,1.0551,16.1137,,,1
2026-03-06T08:29:46.376840,32250,3.090370,21.99,1.000000e-03,18190,1056768000,1.0568,16.1378,,,1
2026-03-06T08:31:13.046957,32300,3.030664,20.71,1.000000e-03,18191,1058406400,1.0584,16.1619,,,1
2026-03-06T08:32:40.454172,32350,3.042590,20.96,1.000000e-03,18192,1060044800,1.0600,16.1861,,,1
2026-03-06T08:34:06.302346,32400,3.054850,21.22,1.000000e-03,18193,1061683200,1.0617,16.2100,,,1
2026-03-06T08:35:33.359905,32450,2.975394,19.60,1.000000e-03,18194,1063321600,1.0633,16.2342,,,1
2026-03-06T08:36:59.845472,32500,2.927853,18.69,1.000000e-03,18195,1064960000,1.0650,16.2582,,,1
2026-03-06T08:38:26.716590,32550,2.970219,19.50,1.000000e-03,18196,1066598400,1.0666,16.2823,,,1
2026-03-06T08:39:53.259777,32600,2.962806,19.35,1.000000e-03,18197,1068236800,1.0682,16.3064,,,1
2026-03-06T08:41:20.017030,32650,2.822818,16.82,1.000000e-03,18198,1069875200,1.0699,16.3305,,,1
2026-03-06T08:42:46.877066,32700,2.882682,17.86,1.000000e-03,18199,1071513600,1.0715,16.3546,,,1
2026-03-06T08:44:13.717321,32750,2.961668,19.33,1.000000e-03,18200,1073152000,1.0732,16.3787,,,1
2026-03-06T08:45:40.106638,32800,2.848516,17.26,1.000000e-03,18201,1074790400,1.0748,16.4027,,,1
2026-03-06T08:47:07.098260,32850,2.855636,17.39,1.000000e-03,18202,1076428800,1.0764,16.4269,,,1
2026-03-06T08:48:33.635646,32900,2.909542,18.35,1.000000e-03,18203,1078067200,1.0781,16.4509,,,1
2026-03-06T08:50:00.136733,32950,2.884833,17.90,1.000000e-03,18205,1079705600,1.0797,16.4749,,,1
2026-03-06T08:51:26.611509,33000,2.876077,17.74,1.000000e-03,18206,1081344000,1.0813,16.4990,,,1
2026-03-06T08:51:28.589046,33000,2.876077,17.74,1.000000e-03,18205,1081344000,1.0813,16.4995,3.408752,,1
2026-03-06T08:53:06.758543,33050,2.965922,19.41,1.000000e-03,18202,1082982400,1.0830,16.5268,,,1
2026-03-06T08:54:32.935569,33100,3.004809,20.18,1.000000e-03,18204,1084620800,1.0846,16.5507,,,1
2026-03-06T08:55:59.449246,33150,2.936946,18.86,1.000000e-03,18205,1086259200,1.0863,16.5747,,,1
2026-03-06T08:57:26.477103,33200,2.904769,18.26,1.000000e-03,18206,1087897600,1.0879,16.5989,,,1
2026-03-06T08:58:52.741638,33250,2.972776,19.55,1.000000e-03,18207,1089536000,1.0895,16.6229,,,1
2026-03-06T09:00:18.904214,33300,3.039585,20.90,1.000000e-03,18208,1091174400,1.0912,16.6468,,,1
2026-03-06T09:01:45.538080,33350,2.976367,19.62,1.000000e-03,18209,1092812800,1.0928,16.6709,,,1
2026-03-06T09:03:12.709750,33400,2.889273,17.98,1.000000e-03,18210,1094451200,1.0945,16.6951,,,1
2026-03-06T09:04:39.413157,33450,2.913844,18.43,1.000000e-03,18211,1096089600,1.0961,16.7192,,,1
2026-03-06T09:06:05.689006,33500,2.959646,19.29,1.000000e-03,18212,1097728000,1.0977,16.7431,,,1
2026-03-06T09:07:35.945314,33550,2.906262,18.29,1.000000e-03,18212,1099366400,1.0994,16.7682,,,1
2026-03-06T09:09:02.645458,33600,2.782072,16.15,1.000000e-03,18213,1101004800,1.1010,16.7923,,,1
2026-03-06T09:10:29.626023,33650,2.795286,16.37,1.000000e-03,18214,1102643200,1.1026,16.8165,,,1
2026-03-06T09:11:55.778281,33700,2.891812,18.03,1.000000e-03,18215,1104281600,1.1043,16.8404,,,1
2026-03-06T09:13:22.340107,33750,2.876697,17.76,1.000000e-03,18216,1105920000,1.1059,16.8644,,,1
2026-03-06T09:14:49.141880,33800,2.904711,18.26,1.000000e-03,18217,1107558400,1.1076,16.8885,,,1
2026-03-06T09:16:15.798963,33850,2.933638,18.80,1.000000e-03,18218,1109196800,1.1092,16.9126,,,1
2026-03-06T09:17:42.087453,33900,2.916086,18.47,1.000000e-03,18219,1110835200,1.1108,16.9366,,,1
2026-03-06T09:19:08.760548,33950,2.818571,16.75,1.000000e-03,18220,1112473600,1.1125,16.9607,,,1
2026-03-06T09:20:35.765108,34000,2.755906,15.74,1.000000e-03,18221,1114112000,1.1141,16.9848,,,1
2026-03-06T09:20:37.745264,34000,2.755906,15.74,1.000000e-03,18220,1114112000,1.1141,16.9854,3.416050,,1
2026-03-06T09:22:19.164934,34050,2.663290,14.34,1.000000e-03,18217,1115750400,1.1158,17.0136,,,1
2026-03-06T09:23:45.659010,34100,2.648957,14.14,1.000000e-03,18218,1117388800,1.1174,17.0376,,,1
2026-03-06T09:25:12.364961,34150,2.795213,16.37,1.000000e-03,18219,1119027200,1.1190,17.0617,,,1
2026-03-06T09:26:38.277644,34200,2.797713,16.41,1.000000e-03,18220,1120665600,1.1207,17.0855,,,1
2026-03-06T09:28:04.787785,34250,2.766779,15.91,1.000000e-03,18221,1122304000,1.1223,17.1096,,,1
2026-03-06T09:29:36.008555,34300,2.852621,17.33,1.000000e-03,18220,1123942400,1.1239,17.1349,,,1
2026-03-06T09:31:02.115873,34350,2.890770,18.01,1.000000e-03,18222,1125580800,1.1256,17.1588,,,1
2026-03-06T09:32:29.873949,34400,2.847965,17.25,1.000000e-03,18222,1127219200,1.1272,17.1832,,,1
2026-03-06T09:33:56.325495,34450,2.847494,17.24,1.000000e-03,18223,1128857600,1.1289,17.2072,,,1
2026-03-06T09:35:23.226554,34500,2.804105,16.51,1.000000e-03,18224,1130496000,1.1305,17.2313,,,1
2026-03-06T09:36:49.768836,34550,2.772326,16.00,1.000000e-03,18225,1132134400,1.1321,17.2554,,,1
2026-03-06T09:38:16.595181,34600,2.815212,16.70,1.000000e-03,18226,1133772800,1.1338,17.2795,,,1
2026-03-06T09:39:43.058650,34650,2.805794,16.54,1.000000e-03,18227,1135411200,1.1354,17.3035,,,1
2026-03-06T09:41:09.505724,34700,2.774725,16.03,1.000000e-03,18228,1137049600,1.1370,17.3275,,,1
2026-03-06T09:42:35.974410,34750,2.776750,16.07,1.000000e-03,18229,1138688000,1.1387,17.3516,,,1
2026-03-06T09:44:03.066463,34800,2.735674,15.42,1.000000e-03,18230,1140326400,1.1403,17.3757,,,1
2026-03-06T09:45:29.140437,34850,2.693412,14.78,1.000000e-03,18231,1141964800,1.1420,17.3997,,,1
2026-03-06T09:46:55.958513,34900,2.660044,14.30,1.000000e-03,18232,1143603200,1.1436,17.4238,,,1
2026-03-06T09:48:22.200312,34950,2.636368,13.96,1.000000e-03,18233,1145241600,1.1452,17.4477,,,1
2026-03-06T09:49:48.653622,35000,2.720273,15.18,1.000000e-03,18234,1146880000,1.1469,17.4717,,,1
2026-03-06T09:49:50.634582,35000,2.720273,15.18,1.000000e-03,18233,1146880000,1.1469,17.4723,3.386214,,1
2026-03-06T09:51:25.096289,35050,2.752099,15.68,1.000000e-03,18232,1148518400,1.1485,17.4985,,,1
2026-03-06T09:52:50.694265,35100,2.739047,15.47,1.000000e-03,18233,1150156800,1.1502,17.5223,,,1
2026-03-06T09:54:17.326219,35150,2.777275,16.08,1.000000e-03,18234,1151795200,1.1518,17.5464,,,1
2026-03-06T09:55:43.942036,35200,2.764836,15.88,1.000000e-03,18235,1153433600,1.1534,17.5704,,,1
2026-03-06T09:57:10.711365,35250,2.729853,15.33,1.000000e-03,18236,1155072000,1.1551,17.5945,,,1
2026-03-06T09:58:36.729738,35300,2.683140,14.63,1.000000e-03,18237,1156710400,1.1567,17.6184,,,1
2026-03-06T10:00:03.576506,35350,2.740033,15.49,1.000000e-03,18238,1158348800,1.1583,17.6426,,,1
2026-03-06T10:01:32.348142,35400,2.758123,15.77,1.000000e-03,18238,1159987200,1.1600,17.6672,,,1
2026-03-06T10:02:59.382291,35450,2.616778,13.69,1.000000e-03,18239,1161625600,1.1616,17.6914,,,1
2026-03-06T10:04:26.445012,35500,2.611915,13.63,1.000000e-03,18240,1163264000,1.1633,17.7156,,,1
2026-03-06T10:05:53.046032,35550,2.724749,15.25,1.000000e-03,18241,1164902400,1.1649,17.7396,,,1
2026-03-06T10:07:19.683980,35600,2.752787,15.69,1.000000e-03,18242,1166540800,1.1665,17.7637,,,1
2026-03-06T10:08:46.512129,35650,2.755339,15.73,1.000000e-03,18242,1168179200,1.1682,17.7878,,,1
2026-03-06T10:10:13.272102,35700,2.729935,15.33,1.000000e-03,18243,1169817600,1.1698,17.8119,,,1
2026-03-06T10:11:39.469919,35750,2.711455,15.05,1.000000e-03,18244,1171456000,1.1715,17.8359,,,1
2026-03-06T10:13:06.417130,35800,2.689872,14.73,1.000000e-03,18245,1173094400,1.1731,17.8600,,,1
2026-03-06T10:14:32.902690,35850,2.567468,13.03,1.000000e-03,18246,1174732800,1.1747,17.8840,,,1
2026-03-06T10:16:00.026644,35900,2.557659,12.91,1.000000e-03,18247,1176371200,1.1764,17.9082,,,1
2026-03-06T10:17:28.817881,35950,2.677078,14.54,1.000000e-03,18247,1178009600,1.1780,17.9329,,,1
2026-03-06T10:18:55.689303,36000,2.693402,14.78,1.000000e-03,18248,1179648000,1.1796,17.9570,,,1
2026-03-06T10:18:57.671186,36000,2.693402,14.78,1.000000e-03,18247,1179648000,1.1796,17.9576,3.394291,,1
2026-03-06T10:20:38.296330,36050,2.681917,14.61,1.000000e-03,18244,1181286400,1.1813,17.9855,,,1
2026-03-06T10:22:05.097426,36100,2.652612,14.19,1.000000e-03,18245,1182924800,1.1829,18.0096,,,1
2026-03-06T10:23:31.926087,36150,2.608319,13.58,1.000000e-03,18246,1184563200,1.1846,18.0338,,,1
2026-03-06T10:24:58.775438,36200,2.650995,14.17,1.000000e-03,18247,1186201600,1.1862,18.0579,,,1
2026-03-06T10:26:24.867704,36250,2.671274,14.46,1.000000e-03,18248,1187840000,1.1878,18.0818,,,1
2026-03-06T10:27:51.775110,36300,2.646354,14.10,1.000000e-03,18249,1189478400,1.1895,18.1059,,,1
2026-03-06T10:29:18.382645,36350,2.683488,14.64,1.000000e-03,18250,1191116800,1.1911,18.1300,,,1
2026-03-06T10:30:45.220861,36400,2.720962,15.19,1.000000e-03,18250,1192755200,1.1928,18.1541,,,1
2026-03-06T10:32:11.593130,36450,2.710975,15.04,1.000000e-03,18251,1194393600,1.1944,18.1781,,,1
2026-03-06T10:33:38.447125,36500,2.749627,15.64,1.000000e-03,18252,1196032000,1.1960,18.2022,,,1
2026-03-06T10:35:05.161825,36550,2.800154,16.45,1.000000e-03,18253,1197670400,1.1977,18.2263,,,1
2026-03-06T10:36:31.871779,36600,2.748516,15.62,1.000000e-03,18254,1199308800,1.1993,18.2504,,,1
2026-03-06T10:37:59.023846,36650,2.660623,14.31,1.000000e-03,18255,1200947200,1.2009,18.2746,,,1
2026-03-06T10:39:25.930926,36700,2.616611,13.69,1.000000e-03,18255,1202585600,1.2026,18.2988,,,1
2026-03-06T10:40:52.812924,36750,2.623234,13.78,1.000000e-03,18256,1204224000,1.2042,18.3229,,,1
2026-03-06T10:42:21.828029,36800,2.689380,14.72,1.000000e-03,18256,1205862400,1.2059,18.3476,,,1
2026-03-06T10:43:48.638065,36850,2.644067,14.07,1.000000e-03,18257,1207500800,1.2075,18.3717,,,1
2026-03-06T10:45:14.645872,36900,2.599445,13.46,1.000000e-03,18258,1209139200,1.2091,18.3956,,,1
2026-03-06T10:46:41.274143,36950,2.628351,13.85,1.000000e-03,18259,1210777600,1.2108,18.4197,,,1
2026-03-06T10:48:07.665201,37000,2.655778,14.24,1.000000e-03,18260,1212416000,1.2124,18.4437,,,1
2026-03-06T10:48:09.645227,37000,2.655778,14.24,1.000000e-03,18259,1212416000,1.2124,18.4442,3.392270,,1
2026-03-06T10:49:48.795261,37050,2.711334,15.05,1.000000e-03,18257,1214054400,1.2141,18.4718,,,1
2026-03-06T10:51:15.504507,37100,2.754456,15.71,1.000000e-03,18258,1215692800,1.2157,18.4959,,,1
2026-03-06T10:52:42.258830,37150,2.748097,15.61,1.000000e-03,18259,1217331200,1.2173,18.5200,,,1
2026-03-06T10:54:09.544818,37200,2.726591,15.28,1.000000e-03,18259,1218969600,1.2190,18.5442,,,1
2026-03-06T10:55:35.887547,37250,2.731446,15.36,1.000000e-03,18260,1220608000,1.2206,18.5682,,,1
2026-03-06T10:57:03.040281,37300,2.702493,14.92,1.000000e-03,18261,1222246400,1.2222,18.5924,,,1
2026-03-06T10:58:30.575390,37350,2.698897,14.86,1.000000e-03,18261,1223884800,1.2239,18.6167,,,1
2026-03-06T10:59:59.344569,37400,2.689562,14.73,1.000000e-03,18262,1225523200,1.2255,18.6414,,,1
2026-03-06T11:01:29.547900,37450,2.662286,14.33,1.000000e-03,18262,1227161600,1.2272,18.6664,,,1
2026-03-06T11:02:58.528304,37500,2.623399,13.78,1.000000e-03,18262,1228800000,1.2288,18.6912,,,1
2026-03-06T11:04:30.583249,37550,2.674733,14.51,1.000000e-03,18261,1230438400,1.2304,18.7167,,,1
